频道名,地址,来源,图标
亚洲旅游台,https://t.freetv.fun/live/ya-zhou-lu-you-9.m3u8,网络源,
亚洲旅游台,https://t.freetv.fun/live/ya-zhou-lu-you-10.m3u8,网络源,
HBO,https://t.freetv.fun/live/hbo-11.m3u8,网络源,
HBO,http://175.178.232.13:16888/api/htuiliu.php?exp=08cf2a85bb499c832add0cc51fc18517&ip=106.226.94.180&id=8ec48938eb28c45523f62e214d8b1de7,网络源,
HBO,http://175.178.232.13:16888/api/htuiliu.php?exp=08cf2a85bb499c832add0cc51fc18517&ip=106.226.94.180&id=1f61f6215f45052ae0029b7d6ed046d7,网络源,
HBO,http://175.178.232.13:16888/api/htuiliu.php?exp=08cf2a85bb499c832add0cc51fc18517&ip=106.226.94.180&id=a3a3a0287946902aac12a084caca6e57,网络源,
HBO,http://175.178.232.13:16888/api/htuiliu.php?exp=08cf2a85bb499c832add0cc51fc18517&ip=106.226.94.180&id=d2ef30f57f0f4c8b1df6800d6bc00919,网络源,
HBO,http://175.178.232.13:16888/api/htuiliu.php?exp=08cf2a85bb499c832add0cc51fc18517&ip=106.226.94.180&id=c62a13300b95295f96ab6c81fa785886,网络源,
HBO,http://175.178.232.13:16888/api/htuiliu.php?exp=08cf2a85bb499c832add0cc51fc18517&ip=106.226.94.180&id=bca71c84ff85a4028ae846df93286758,网络源,
HBO,http://175.178.232.13:16888/api/htuiliu.php?exp=08cf2a85bb499c832add0cc51fc18517&ip=106.226.94.180&id=b156a1549bb8aee7674002ad03ab10de,网络源,
HBO,http://175.178.232.13:16888/api/htuiliu.php?exp=08cf2a85bb499c832add0cc51fc18517&ip=106.226.94.180&id=50122d61458c568b5627d16e2dd6afd2,网络源,
HBO,http://175.178.232.13:16888/api/htuiliu.php?exp=08cf2a85bb499c832add0cc51fc18517&ip=106.226.94.180&id=ae0c5dcc7262c66e96dbfdef20031696,网络源,
HBO,http://175.178.232.13:16888/api/htuiliu.php?exp=08cf2a85bb499c832add0cc51fc18517&ip=106.226.94.180&id=7354bb32a757f2bd39be6465c5d709b6,网络源,
HBO,http://175.178.232.13:16888/api/htuiliu.php?exp=08cf2a85bb499c832add0cc51fc18517&ip=106.226.94.180&id=c221c21f332a0dd522a1be778eecb0cb,网络源,
HBO,https://t.freetv.fun/live/hbo-7.php,网络源,
CHC动作电影,https://stream1.freetv.fun/413df533cc2d866bacdc87729814e66f4cf836c13b12ed783b54345fd012c6c8.m3u8,网络源,
CHC动作电影,http://192.151.150.154/live/chcdz.m3u8,网络源,
CHC动作电影,https://t.freetv.fun/live/chcgao-qing-dian-ying-4.m3u8,网络源,
CHC动作电影,https://stream1.freetv.fun/chcdong-zuo-dian-ying-28.m3u8,网络源,
CHC动作电影,https://stream1.freetv.fun/chcdong-zuo-dian-ying-30.m3u8,网络源,
CHC动作电影,https://stream1.freetv.fun/chcdong-zuo-dian-ying-16.ctv,网络源,
CHC动作电影,https://stream1.freetv.fun/chcdong-zuo-dian-ying-31.m3u8,网络源,
CHC动作电影,https://stream1.freetv.fun/chcdong-zuo-dian-ying-15.m3u8,网络源,
CHC家庭影院,https://t.freetv.fun/live/chcjia-ting-ying-yuan-11.m3u8,网络源,
CHC家庭影院,https://t.freetv.fun/live/chcjia-ting-ying-yuan-14.m3u8,网络源,
CHC家庭影院,https://t.freetv.fun/live/chcjia-ting-ying-yuan-15.m3u8,网络源,
CHC家庭影院,https://t.freetv.fun/live/chcjia-ting-ying-yuan-13.m3u8,网络源,
CHC家庭影院,https://t.freetv.fun/live/chcjia-ting-ying-yuan-12.m3u8,网络源,
CHC影迷电影,https://t.freetv.fun/live/chcgao-qing-dian-ying-2-1.m3u8,网络源,
CHC影迷电影,https://t.freetv.fun/live/chcying-mi-dian-ying-8.m3u8,网络源,
CHC影迷电影,https://t.freetv.fun/live/chcdian-ying-3.m3u8,网络源,
CHC影迷电影,https://t.freetv.fun/live/chcdian-ying-4.m3u8,网络源,
CHC影迷电影,http://192.151.150.154/live/chchd.m3u8,网络源,
amc电影台,https://t.freetv.fun/live/amcdian-ying-2.m3u8,网络源,
amc电影台,https://t.freetv.fun/live/amcdian-ying-2-1.m3u8,网络源,
amc电影台,https://t.freetv.fun/live/amcdian-ying-1-1.m3u8,网络源,
amc电影台,https://t.freetv.fun/live/amcdian-ying-6.m3u8,网络源,
amc电影台,https://t.freetv.fun/live/amcdian-ying-5.m3u8,网络源,
amc电影台,https://t.freetv.fun/live/amcdian-ying-7.m3u8,网络源,
amc电影台,https://t.freetv.fun/live/amcdian-ying-4.m3u8,网络源,
amc电影台,https://t.freetv.fun/live/amcdian-ying-3.m3u8,网络源,
amc电影台,http://61.221.215.25:8800/hls/43/index.m3u8,网络源,
美亚电影,https://t.freetv.fun/live/mei-ya-dian-ying-tai-2.m3u8,网络源,
美亚电影,https://t.freetv.fun/live/mei-ya-dian-ying-tai-1.m3u8,网络源,
美亚电影,https://t.freetv.fun/live/mei-ya-dian-ying-2-2.m3u8,网络源,
美亚电影,https://t.freetv.fun/live/mei-ya-dian-ying-6.m3u8,网络源,
美亚电影,https://t.freetv.fun/live/mei-ya-dian-ying-tai.m3u8,网络源,
美亚电影,https://stream1.freetv.fun/mei-ya-dian-ying-5.ctv,网络源,
美亚电影,http://kkk.888.3116598.xyz/api.php?n=xxxtw&id=zFARUp&tk=rf2ptUUwLxlr,网络源,
美亚电影,http://kkk.888.3116598.xyz/api.php?n=xxxtw&id=VXpowa&tk=rf2ptUUwLxlr,网络源,
美亚电影,https://stream1.freetv.fun/mei-ya-dian-ying-2.m3u8,网络源,
美亚电影,http://175.178.232.13:16888/api/htuiliu.php?exp=08cf2a85bb499c832add0cc51fc18517&ip=106.226.94.180&id=5f38aa3a5bc90d774bddf1065570ccc997f1e41099e25fc5150d469f93b0654c,网络源,
美亚电影,http://175.178.232.13:16888/api/htuiliu.php?exp=08cf2a85bb499c832add0cc51fc18517&ip=106.226.94.180&id=d5ab490b3bbec838de51bf70c11ae1b3,网络源,
美亚电影,http://175.178.232.13:16888/api/htuiliu.php?exp=08cf2a85bb499c832add0cc51fc18517&ip=106.226.94.180&id=5f38aa3a5bc90d774bddf1065570ccc970f25a64495c2dae2852eb78dbfcc507,网络源,
美亚电影,http://175.178.232.13:16888/api/htuiliu.php?exp=08cf2a85bb499c832add0cc51fc18517&ip=106.226.94.180&id=79627c23629daec2ea9555ae74951ea2611926a91de8f67903495a2941eb2035,网络源,
美亚电影,http://175.178.232.13:16888/api/htuiliu.php?exp=08cf2a85bb499c832add0cc51fc18517&ip=106.226.94.180&id=3acdaea343081f4ac7ae8c175bea31e4e055fe9815affaa07ceb6c53dcdae582,网络源,
美亚电影,http://175.178.232.13:16888/api/htuiliu.php?exp=08cf2a85bb499c832add0cc51fc18517&ip=106.226.94.180&id=0062f6cb021b3fc16ed38ab50c6f8c01,网络源,
美亚电影,http://175.178.232.13:16888/api/htuiliu.php?exp=08cf2a85bb499c832add0cc51fc18517&ip=106.226.94.180&id=03de9295b7a33f5d1a780c95ba1ee90a,网络源,
美亚电影,http://175.178.232.13:16888/api/htuiliu.php?exp=08cf2a85bb499c832add0cc51fc18517&ip=106.226.94.180&id=5a88a3c6f13bf6bb6474a509fa2444f0,网络源,
美亚电影,http://175.178.232.13:16888/api/htuiliu.php?exp=08cf2a85bb499c832add0cc51fc18517&ip=106.226.94.180&id=e6d1970fefd011acc56ac8f03a984e72,网络源,
影迷数位电影,https://t.freetv.fun/live/ying-mi-shu-wei-dian-ying-17.m3u8,网络源,
影迷数位电影,https://t.freetv.fun/live/ying-mi-shu-wei-dian-ying-4.m3u8,网络源,
影迷数位电影,https://t.freetv.fun/live/ying-mi-shu-wei-dian-ying-7.m3u8,网络源,
影迷数位电影,https://t.freetv.fun/live/ying-mi-shu-wei-dian-ying-6.m3u8,网络源,
影迷数位电影,https://t.freetv.fun/live/ying-mi-shu-wei-dian-ying-2.m3u8,网络源,
影迷数位电影,https://t.freetv.fun/live/ying-mi-shu-wei-dian-ying-5.m3u8,网络源,
影迷数位电影,https://t.freetv.fun/live/ying-mi-shu-wei-dian-ying-1-1.m3u8,网络源,
影迷数位电影,https://t.freetv.fun/live/ying-mi-shu-wei-dian-ying-3.m3u8,网络源,
淘电影,https://stream1.freetv.fun/tao-dian-ying-11.ctv,网络源,
淘电影,https://stream1.freetv.fun/tao-dian-ying-17.ctv,网络源,
淘电影,https://stream1.freetv.fun/tao-dian-ying-2.m3u8,网络源,
淘电影,https://stream1.freetv.fun/tao-dian-ying-9.ctv,网络源,
淘电影,https://stream1.freetv.fun/tao-dian-ying-15.ctv,网络源,
淘电影,https://stream1.freetv.fun/tao-dian-ying-10.ctv,网络源,
淘电影,https://stream1.freetv.fun/tao-dian-ying-4.m3u8,网络源,
淘电影,https://stream1.freetv.fun/tao-dian-ying-7.m3u8,网络源,
淘电影,https://stream1.freetv.fun/tao-dian-ying-2.ctv,网络源,
淘电影,https://stream1.freetv.fun/ipv6-tao-dian-ying-5.m3u8,网络源,
经典电影,https://t.freetv.fun/live/jing-dian-dian-ying-1-2.m3u8,网络源,
经典电影,https://t.freetv.fun/live/jing-dian-dian-ying-2-2.m3u8,网络源,
经典电影,https://t.freetv.fun/live/jing-dian-dian-ying-4-1.m3u8,网络源,
经典电影,https://t.freetv.fun/live/jing-dian-dian-ying-3-2.m3u8,网络源,
经典电影,https://t.freetv.fun/live/jing-dian-dian-ying-4.m3u8,网络源,
经典电影,https://stream1.freetv.fun/jing-dian-dian-ying-19.ctv,网络源,
经典电影,https://stream1.freetv.fun/jing-dian-dian-ying-9.m3u8,网络源,
经典电影,https://stream1.freetv.fun/jing-dian-dian-ying-3.m3u8,网络源,
经典电影,https://stream1.freetv.fun/jing-dian-dian-ying-10.ctv,网络源,
经典电影,https://stream1.freetv.fun/jing-dian-dian-ying-8.m3u8,网络源,
经典电影,https://stream1.freetv.fun/jing-dian-dian-ying-7.m3u8,网络源,
周星星,https://www.goodiptv.club/huya/11342412,网络源,
周星驰,https://isus.cc/php/huya.php?id=11342412,网络源,
周星驰,http://alist.xicp.fun:35455/yy/1382736808#https://live.metshop.top/yy/1382736808,网络源,
洪金宝,https://stream1.freetv.fun/hong-jin-bao-5.ctv,网络源,
洪金宝,https://stream1.freetv.fun/hong-jin-bao-4.ctv,网络源,
洪金宝,https://isus.cc/php/huya.php?id=11279251,网络源,
洪金宝,https://stream1.freetv.fun/hong-jin-bao-2.ctv,网络源,
刘德华,https://stream1.freetv.fun/liu-de-hua-2.ctv,网络源,
刘德华,https://vd2.bdstatic.com/mda-ni103pry5e4aqk39/sc/cae_h264/1662084584421447983/mda-ni103pry5e4aqk39.mp4,网络源,
刘德华,https://isus.cc/php/huya.php?id=11342424,网络源,
斯坦森,https://isus.cc/php/huya.php?id=21059588,网络源,
成龙,http://38.75.136.137:82/live1/jsb.m3u8?id=lbcl&ip=whus21&usign=1LR7Q-EFMMTvbEbLXeCmxA,网络源,
成龙,https://p6-dy.byteimg.com/origin/pgc-image/bebfddceee5c40f495882785675174cf,网络源,
王晶,https://isus.cc/php/huya.php?id=11602058,网络源,
林正英,https://stream1.freetv.fun/lin-zheng-ying-8.ctv,网络源,
林正英,https://isus.cc/php/huya.php?id=11342421,网络源,
强森,https://isus.cc/php/huya.php?id=21059581,网络源,
甄子丹,https://t.freetv.fun/live/zhen-zi-dan-dian-ying-2.m3u8,网络源,
喜剧影院,http://74.91.26.218:82/live/vlxjyy.m3u8,网络源,
与凤行,http://live.ottiptv.cc/huya/26355866,网络源,
与凤行,http://159.75.85.63:35455/huya/26355866#http://cfss.cc/cdn/hy/26355866.m3u8,网络源,
开端,http://159.75.85.63:35455/huya/11342397#http://cfss.cc/cdn/hy/11342397.m3u8,网络源,
狂飙,http://live.ottiptv.cc/yy/1354936131,网络源,
狂飙,http://alist.xicp.fun:35455/yy/1355142167#https://live.metshop.top/yy/1355142167,网络源,
射雕英雄传,https://t.freetv.fun/live/she-diao-ying-xiong-chuan-2-1.m3u8,网络源,
神雕侠侣,https://isus.cc/php/huya.php?id=11352964,网络源,
神雕侠侣,http://live.ottiptv.cc/yy/1351762426,网络源,
神雕侠侣,http://alist.xicp.fun:35455/yy/1351762426#https://live.metshop.top/yy/1351762426#https://lunbo.freetv.top/yy/1351762426,网络源,
天龙八部,https://txmov2.a.kwimgs.com/upic/2021/02/26/11/BMjAyMTAyMjYxMTAwNTBfNDAzMDAxOTlfNDUwNDcyNzM5MTRfMF8z_b_B75ed716649c36f65fc2354f75dba47a5.mp4,网络源,
天龙八部,https://godmusic.bs2dl.yy.com/dHZlZmVhMWUxMDYzYjQ0ZmJkYjU4MmE4NDlkYjRmNmMxMy0xMTY2Mzk0Njky?Cf=cf.mp4,网络源,
天龙八部,http://live.ottiptv.cc/yy/1351814644,网络源,
天龙八部,http://alist.xicp.fun:35455/yy/1351814644#https://live.metshop.top/yy/1351814644,网络源,
笑傲江湖,https://vd4.bdstatic.com/mda-ki3e6haxdv0x0tgr/v1-cae/mda-ki3e6haxdv0x0tgr.mp4?auth_key=1602763155-0-0-1dae92370a0b1d7d9dca0d3d9c748b00&bcevod_channel=searchbox_feed&pd=1&pt=3&abtest=8797_2&sle=1&sl=537&split=597343,网络源,
笑傲江湖,https://alimov2.a.kwimgs.com/upic/2023/03/07/20/BMjAyMzAzMDcyMDMyNDdfNjE2NzgxMTQwXzk3NzEzNDY4NjgxXzBfMw==_b_B75baa98fedb7da382eb4a29e5f7df2bf.mp4,网络源,
笑傲江湖,http://live.ottiptv.cc/huya/26355790,网络源,
笑傲江湖,http://alist.xicp.fun:35455/yy/1354930909#https://live.metshop.top/yy/1354930909,网络源,
鹿鼎记,http://live.ottiptv.cc/huya/23650774,网络源,
鹿鼎记,http://alist.xicp.fun:35455/yy/28265277#https://live.metshop.top/huya/23865080#https://live.metshop.top/yy/28265277#https://lunbo.freetv.top/yy/1382736920,网络源,
寻秦记,http://live.ottiptv.cc/huya/30080146,网络源,
寻秦记,http://2.itv.nctv.top:54321/yy/1382749900#http://www.xzbn.site:35455/yy/1382749900,网络源,
寻秦记,"http://alist.xicp.fun:35455/yy/1382749900#,https://live.metshop.top/yy/1382749900",网络源,
封神榜,http://live.ottiptv.cc/huya/20432237,网络源,
封神榜,http://alist.xicp.fun:35455/yy/1356043643#https://live.metshop.top/yy/1356043643,网络源,
新白娘子传奇,http://live.ottiptv.cc/yy/1354490667,网络源,
新白娘子传奇,http://alist.xicp.fun:35455/yy/1354490667#https://live.metshop.top/yy/1354490667#http://43.138.170.29:35455/yy/1354930969,网络源,
钟馗传说,http://alist.xicp.fun:35455/yy/1382736839#https://live.metshop.top/yy/1382736839,网络源,
红楼梦,http://alist.xicp.fun:35455/yy/1382745084#https://live.metshop.top/yy/1382745084#https://lunbo.freetv.top/yy/1382745084,网络源,
三国演义,http://alist.xicp.fun:35455/yy/1354936241#https://live.metshop.top/yy/1354936241,网络源,
宰相刘罗锅,http://alist.xicp.fun:35455/yy/1353892468#https://lunbo.freetv.top/yy/1353892468,网络源,
神医喜来乐,http://alist.xicp.fun:35455/yy/1382714119#https://live.metshop.top/yy/1382714119#https://lunbo.freetv.top/yy/1382714119,网络源,
伪装者,http://alist.xicp.fun:35455/yy/1382851593#https://lunbo.freetv.top/yy/1382851593,网络源,
雍正王朝,http://cdn.jdshipin.com:8880/huya.php?id=11342439,网络源,
雍正王朝,http://alist.xicp.fun:35455/yy/1356043620#https://live.metshop.top/huya/11342439#http://cfss.cc/cdn/hy/11342439.m3u8,网络源,
隋唐英雄传,http://live.ottiptv.cc/yy/1352475619,网络源,
隋唐英雄传,http://alist.xicp.fun:35455/yy/1352475619#https://live.metshop.top/yy/1352475619,网络源,
宫心计,http://2.itv.nctv.top:54321/yy/1354933540#http://www.xzbn.site:35455/yy/1354933540,网络源,
宫心计,http://alist.xicp.fun:35455/yy/1354933540#http://43.138.170.29:35455/yy/1354933540,网络源,
上海滩,https://vd4.bdstatic.com/mda-keck5jhdaagebxkm/v1-cae/mda-keck5jhdaagebxkm.mp4?auth_key=1602762530-0-0-3e02c62e492e00c28c5557d41188d769&bcevod_channel=searchbox_feed&pd=1&pt=3&abtest=8797_2&sle=1&sl=288&split=391503,网络源,
上海滩,https://txmov2.a.kwimgs.com/upic/2021/02/22/22/BMjAyMTAyMjIyMjU2NDFfMTI0MzE0NjMyOF80NDg1MDgzMTY5NF8yXzM=_b_B35aa4e9376173041991a9a379ff4ac56.mp4,网络源,
上海滩,http://alist.xicp.fun:35455/yy/1382745184#https://live.metshop.top/yy/1382745184,网络源,
大时代,http://alist.xicp.fun:35455/yy/1354930891#https://live.metshop.top/yy/1354930891#https://lunbo.freetv.top/yy/1354930891,网络源,
新水浒传,http://live.ottiptv.cc/huya/11342384,网络源,
康熙微服私访记,http://live.ottiptv.cc/yy/1352811698,网络源,
正阳门下,http://alist.xicp.fun:35455/yy/1354931580#https://live.metshop.top/yy/1354931580,网络源,
济公游记,http://alist.xicp.fun:35455/yy/1355265814#http://43.138.170.29:35455/yy/1355265814,网络源,
康熙王朝,http://alist.xicp.fun:35455/yy/1382736818#https://live.metshop.top/yy/1382736818,网络源,
爱情公寓,http://live.ottiptv.cc/huya/11336726,网络源,
纪晓岚,http://alist.xicp.fun:35455/yy/1382781415#https://live.metshop.top/yy/1382781415,网络源,
巩汉林小品,http://120.78.6.151:8968/yy.php?id=1354889035,网络源,
相声小品,http://live.nctv.top/douyu1.php?id=9286868,网络源,
经典小品,http://cdn.jdshipin.com:8880/huya.php?id=11352938,网络源,
东北热剧,http://ottrrs.hl.chinamobile.com/PLTV/88888888/224/3221225741/index.m3u8,网络源,
中国功夫,http://ottrrs.hl.chinamobile.com/PLTV/88888888/224/3221225681/index.m3u8,网络源,
中国功夫,https://live.264788.xyz/channel/newtvzhongguogongfu?streamid=040c1d7c6c3557336630fbe3a95dee34&livekey=01WgOR41rriMmMkzNsd0UoaxJRwetZdxIvtVk,网络源,
中国功夫,https://live.264788.xyz/channel/newtvzhongguogongfu?streamid=2f7503d229753d3cf9c57e3a9d1882c0&livekey=01WgOR41rriMmMkzNsd0UoaxJRwetZdxIvtVk,网络源,
军事评论,http://ottrrs.hl.chinamobile.com/PLTV/88888888/224/3221225668/index.m3u8,网络源,
军事评论,https://live.264788.xyz/channel/newtvjunshipinglun?streamid=1565e8796d369163825e529dc1e57897&livekey=01WgOR41rriMmMkzNsd0UoaxJRwetZdxIvtVk,网络源,
军事评论,https://live.264788.xyz/channel/newtvjunshipinglun?streamid=f8657b448a27a3baa87797bca0c33e41&livekey=01WgOR41rriMmMkzNsd0UoaxJRwetZdxIvtVk,网络源,
军旅剧场,http://ottrrs.hl.chinamobile.com/PLTV/88888888/224/3221225676/index.m3u8,网络源,
军旅剧场,https://live.264788.xyz/channel/newtvjunlvjuchang?streamid=c7ab677d5b32950014da19424a5bc4d7&livekey=01WgOR41rriMmMkzNsd0UoaxJRwetZdxIvtVk,网络源,
军旅剧场,https://live.264788.xyz/channel/newtvjunlvjuchang?streamid=8cb70ede8ef4de9494a179510bac142f&livekey=01WgOR41rriMmMkzNsd0UoaxJRwetZdxIvtVk,网络源,
农业致富,http://ottrrs.hl.chinamobile.com/PLTV/88888888/224/3221225683/index.m3u8,网络源,
动作电影,http://ottrrs.hl.chinamobile.com/PLTV/88888888/224/3221225661/index.m3u8,网络源,
动作电影,http://dassby.qqff.top:99/live/CHC动作电影/index.m3u8,网络源,
古装剧场,http://ottrrs.hl.chinamobile.com/PLTV/88888888/224/3221225663/index.m3u8,网络源,
古装剧场,https://live.264788.xyz/channel/newtvguzhuangjuchang?streamid=76dbf3773411d57d7236af83e63839d8&livekey=01WgOR41rriMmMkzNsd0UoaxJRwetZdxIvtVk,网络源,
古装剧场,https://live.264788.xyz/channel/newtvguzhuangjuchang?streamid=3dffafcb0b9381eebfa771aa183eb4fc&livekey=01WgOR41rriMmMkzNsd0UoaxJRwetZdxIvtVk,网络源,
哒啵赛事,http://ottrrs.hl.chinamobile.com/PLTV/88888888/224/3221225675/index.m3u8,网络源,
哒啵赛事,https://live.264788.xyz/channel/newtvdabosaishi?streamid=efc3c188e305a136c6e67b544f0f1ca9&livekey=01WgOR41rriMmMkzNsd0UoaxJRwetZdxIvtVk,网络源,
哒啵赛事,https://live.264788.xyz/channel/newtvdabodianjing?streamid=f51847433df939602cde460cba4bd2b2&livekey=01WgOR41rriMmMkzNsd0UoaxJRwetZdxIvtVk,网络源,
哒啵赛事,https://live.264788.xyz/channel/newtvdabosaishi?streamid=78ca77e854da29a7d1a1aa2ebb45f3a9&livekey=01WgOR41rriMmMkzNsd0UoaxJRwetZdxIvtVk,网络源,
哒啵赛事,https://live.264788.xyz/channel/newtvdabodianjing?streamid=ffc7f934e1511c09e7dc9de621e9195d&livekey=01WgOR41rriMmMkzNsd0UoaxJRwetZdxIvtVk,网络源,
家庭剧场,http://ottrrs.hl.chinamobile.com/PLTV/88888888/224/3221225677/index.m3u8,网络源,
家庭剧场,https://t.freetv.fun/live/jia-ting-ju-chang-2.m3u8,网络源,
家庭剧场,https://t.freetv.fun/live/jia-ting-ju-chang-1.m3u8,网络源,
家庭剧场,https://t.freetv.fun/live/jia-ting-ju-chang.m3u8,网络源,
家庭剧场,https://live.264788.xyz/channel/newtvjiatingjuchang?streamid=d77adead2e6dfd2780d2217da5f0fc5b&livekey=01WgOR41rriMmMkzNsd0UoaxJRwetZdxIvtVk,网络源,
家庭剧场,https://live.264788.xyz/channel/newtvjiatingjuchang?streamid=f6762adfbdae66825782e47139e220c8&livekey=01WgOR41rriMmMkzNsd0UoaxJRwetZdxIvtVk,网络源,
怡伴健康,http://ottrrs.hl.chinamobile.com/PLTV/88888888/224/3221225673/index.m3u8,网络源,
怡伴健康,https://live.264788.xyz/channel/newtvyibanjiankang?streamid=5990850b9b220b7d8e4cf76721656456&livekey=01WgOR41rriMmMkzNsd0UoaxJRwetZdxIvtVk,网络源,
怡伴健康,https://live.264788.xyz/channel/newtvyibanjiankang?streamid=1653b6c493db9c9059c09fcb8b3d4e17&livekey=01WgOR41rriMmMkzNsd0UoaxJRwetZdxIvtVk,网络源,
惊悚悬疑,https://live.264788.xyz/channel/newtvjingsongxuanyi?streamid=cefe64289cde2680e596ee3c1c6a4bf2&livekey=01WgOR41rriMmMkzNsd0UoaxJRwetZdxIvtVk,网络源,
惊悚悬疑,https://live.264788.xyz/channel/newtvjingsongxuanyi?streamid=082a2e30e260e629bde8f58d4861bee0&livekey=01WgOR41rriMmMkzNsd0UoaxJRwetZdxIvtVk,网络源,
明星大片,http://ottrrs.hl.chinamobile.com/PLTV/88888888/224/3221225664/index.m3u8,网络源,
欢乐剧场,http://ottrrs.hl.chinamobile.com/PLTV/88888888/224/3221225742/index.m3u8,网络源,
武搏世界,http://ottrrs.hl.chinamobile.com/PLTV/88888888/224/3221225680/index.m3u8,网络源,
海外剧场,http://ottrrs.hl.chinamobile.com/PLTV/88888888/224/3221225671/index.m3u8,网络源,
海外剧场,https://t.freetv.fun/live/hai-wai-ju-chang-1.m3u8,网络源,
潮妈辣婆,http://ottrrs.hl.chinamobile.com/PLTV/88888888/224/3221225685/index.m3u8,网络源,
潮妈辣婆,https://live.264788.xyz/channel/newtvchaomalapo?streamid=5094631cd54e12ad81bfe8b910e60de2&livekey=01WgOR41rriMmMkzNsd0UoaxJRwetZdxIvtVk,网络源,
潮妈辣婆,https://live.264788.xyz/channel/newtvchaomalapo?streamid=7acab07f042247a4bb92a5cb6064c925&livekey=01WgOR41rriMmMkzNsd0UoaxJRwetZdxIvtVk,网络源,
炫舞未来,http://ottrrs.hl.chinamobile.com/PLTV/88888888/224/3221225719/index.m3u8,网络源,
炫舞未来,https://live.264788.xyz/channel/newtvxuanwuweilai?streamid=5a841c808d813604ff9195cad9e21670&livekey=01WgOR41rriMmMkzNsd0UoaxJRwetZdxIvtVk,网络源,
炫舞未来,https://live.264788.xyz/channel/newtvxuanwuweilai?streamid=eb8ff971ab3cb4fd6b4352548dd05b44&livekey=01WgOR41rriMmMkzNsd0UoaxJRwetZdxIvtVk,网络源,
爱情喜剧,http://ottrrs.hl.chinamobile.com/PLTV/88888888/224/3221225669/index.m3u8,网络源,
爱情喜剧,https://live.264788.xyz/channel/newtvaiqingxiju?streamid=cc6c6d48be7d2bd5b0be57ea1aacb942&livekey=01WgOR41rriMmMkzNsd0UoaxJRwetZdxIvtVk,网络源,
爱情喜剧,https://live.264788.xyz/channel/newtvaiqingxiju?streamid=c18dcc43a2802676f0972d97aa54382f&livekey=01WgOR41rriMmMkzNsd0UoaxJRwetZdxIvtVk,网络源,
精品体育,http://ottrrs.hl.chinamobile.com/PLTV/88888888/224/3221225674/index.m3u8,网络源,
精品体育,https://live.264788.xyz/channel/newtvjingpintiyu?streamid=53f79016c385f5c91cedaba25c3b0559&livekey=01WgOR41rriMmMkzNsd0UoaxJRwetZdxIvtVk,网络源,
精品体育,https://live.264788.xyz/channel/newtvjingpintiyu?streamid=c6d38d114b6ac7088f9600529f26f47a&livekey=01WgOR41rriMmMkzNsd0UoaxJRwetZdxIvtVk,网络源,
精品大剧,http://ottrrs.hl.chinamobile.com/PLTV/88888888/224/3221225670/index.m3u8,网络源,
精品大剧,https://live.264788.xyz/channel/newtvjingpindaju?streamid=6228da129fd2717d509c0e8a1bdd55b2&livekey=01WgOR41rriMmMkzNsd0UoaxJRwetZdxIvtVk,网络源,
精品大剧,https://live.264788.xyz/channel/newtvjingpindaju?streamid=2be57502b2550ccb31be511efc6d2bf9&livekey=01WgOR41rriMmMkzNsd0UoaxJRwetZdxIvtVk,网络源,
精品纪录,http://ottrrs.hl.chinamobile.com/PLTV/88888888/224/3221225672/index.m3u8,网络源,
精品纪录,https://live.264788.xyz/channel/newtvjingpinjilu?streamid=18bf2cec23459fe727373f1a24862761&livekey=01WgOR41rriMmMkzNsd0UoaxJRwetZdxIvtVk,网络源,
精品纪录,https://live.264788.xyz/channel/newtvjingpinjilu?streamid=adb6baa6affda84bb7f000dab58142c8&livekey=01WgOR41rriMmMkzNsd0UoaxJRwetZdxIvtVk,网络源,
精品萌宠,http://ottrrs.hl.chinamobile.com/PLTV/88888888/224/3221226508/index.m3u8,网络源,
精品萌宠,https://live.264788.xyz/channel/newtvjingpinmengchong?streamid=7d4e9e384de5bda750e25e5d6bb40777&livekey=01WgOR41rriMmMkzNsd0UoaxJRwetZdxIvtVk,网络源,
精品萌宠,https://live.264788.xyz/channel/newtvjingpinmengchong?streamid=a268aaeeceaeb51360c032eb16e82ec8&livekey=01WgOR41rriMmMkzNsd0UoaxJRwetZdxIvtVk,网络源,
纪实科教,http://ottrrs.hl.chinamobile.com/PLTV/88888888/224/3221225729/index.m3u8,网络源,
超级体育,http://ottrrs.hl.chinamobile.com/PLTV/88888888/224/3221225715/index.m3u8,网络源,
超级电影,http://ottrrs.hl.chinamobile.com/PLTV/88888888/224/3221225717/index.m3u8,网络源,
超级电视剧,http://ottrrs.hl.chinamobile.com/PLTV/88888888/224/3221225716/index.m3u8,网络源,
超级综艺,http://ottrrs.hl.chinamobile.com/PLTV/88888888/224/3221225714/index.m3u8,网络源,
金牌综艺,http://ottrrs.hl.chinamobile.com/PLTV/88888888/224/3221225666/index.m3u8,网络源,
金牌综艺,https://live.264788.xyz/channel/newtvjinpaizongyi?streamid=5304acf01d4e44a0b4a5ad985a8a42d9&livekey=01WgOR41rriMmMkzNsd0UoaxJRwetZdxIvtVk,网络源,
金牌综艺,https://live.264788.xyz/channel/newtvjinpaizongyi?streamid=89d02e4874ce2908ec94af857b71cdf4&livekey=01WgOR41rriMmMkzNsd0UoaxJRwetZdxIvtVk,网络源,
黑莓动画,http://ottrrs.hl.chinamobile.com/PLTV/88888888/224/3221225662/index.m3u8,网络源,
黑莓动画,https://live.264788.xyz/channel/heimeidonghua?streamid=e28cd42e24738c192f5bf90ad9b909da&livekey=01WgOR41rriMmMkzNsd0UoaxJRwetZdxIvtVk,网络源,
黑莓动画,https://live.264788.xyz/channel/heimeidonghua?streamid=7e2280fb52eae0bc10c4fa7c703196ae&livekey=01WgOR41rriMmMkzNsd0UoaxJRwetZdxIvtVk,网络源,
黑莓电影,http://ottrrs.hl.chinamobile.com/PLTV/88888888/224/3221225743/index.m3u8,网络源,
黑莓电影,https://live.264788.xyz/channel/heimeidianying?streamid=0f69ac869129727458832b942c7e0b26&livekey=01WgOR41rriMmMkzNsd0UoaxJRwetZdxIvtVk,网络源,
黑莓电影,https://live.264788.xyz/channel/heimeidianying?streamid=1b32cef95de9f8ad569ac3a133ae72f8&livekey=01WgOR41rriMmMkzNsd0UoaxJRwetZdxIvtVk,网络源,
ELEVEN体育1,https://stream1.freetv.fun/eltaai-er-da-ti-yu--1--wj-1.ctv,网络源,
ELEVEN体育2,https://stream1.freetv.fun/eltaai-er-da-ti-yu--2--wj-1.ctv,网络源,
五星体育,https://cdn15.163189.xyz/163189/9c893bb003e1c7de,网络源,
五星体育,https://stream1.freetv.fun/ipv6-wu-xing-ti-yu-10.m3u8,网络源,
五星体育,https://stream1.freetv.fun/ipv6-wu-xing-ti-yu-2.m3u8,网络源,
五星体育,https://stream1.freetv.fun/wu-xing-ti-yu-13.ctv,网络源,
五星体育,https://stream1.freetv.fun/wu-xing-ti-yu-10.m3u8,网络源,
五星体育,https://stream1.freetv.fun/wu-xing-ti-yu-15.m3u8,网络源,
五星体育,https://stream1.freetv.fun/ipv6-wu-xing-ti-yu-6.m3u8,网络源,
五星体育,https://stream1.freetv.fun/wu-xing-ti-yu-5.m3u8,网络源,
五星体育,https://stream1.freetv.fun/wu-xing-ti-yu-7.m3u8,网络源,
五星体育,https://stream1.freetv.fun/ipv6-wu-xing-ti-yu-1.m3u8,网络源,
五星体育,https://stream1.freetv.fun/wu-xing-ti-yu-12.m3u8,网络源,
劲爆体育,https://t.freetv.fun/live/jing-bao-ti-yu-gao-qing.m3u8,网络源,
劲爆体育,http://183.237.95.108:9901/tsfile/live/1074_1.m3u8?key=txiptv&playlive=0&authid=0,网络源,
咪咕体育,http://ottrrs.hl.chinamobile.com/PLTV/88888888/224/3221226398/index.m3u8,网络源,
咪咕体育,https://t.freetv.fun/live/mi-gu-ti-yu-29.m3u8,网络源,
咪咕体育,https://t.freetv.fun/live/mi-gu-ti-yu-7-1.m3u8,网络源,
咪咕体育,https://t.freetv.fun/live/mi-gu-ti-yu-33-1.m3u8,网络源,
咪咕体育,https://t.freetv.fun/live/mi-gu-ti-yu-18.m3u8,网络源,
咪咕体育,https://t.freetv.fun/live/mi-gu-ti-yu-38-1.m3u8,网络源,
咪咕体育,https://t.freetv.fun/live/mi-gu-ti-yu-3.m3u8,网络源,
咪咕体育,https://t.freetv.fun/live/mi-gu-ti-yu-28.m3u8,网络源,
咪咕体育,https://t.freetv.fun/live/mi-gu-ti-yu-3-1.m3u8,网络源,
咪咕体育,https://t.freetv.fun/live/mi-gu-ti-yu-2.m3u8,网络源,
咪咕体育,https://t.freetv.fun/live/mi-gu-ti-yu-28-1.m3u8,网络源,
咪咕体育,https://t.freetv.fun/live/mi-gu-ti-yu-15-1.m3u8,网络源,
咪咕体育,https://t.freetv.fun/live/mi-gu-ti-yu-18-1.m3u8,网络源,
咪咕体育,https://t.freetv.fun/live/mi-gu-ti-yu-30-1.m3u8,网络源,
咪咕体育,https://t.freetv.fun/live/mi-gu-ti-yu-33.m3u8,网络源,
咪咕体育,https://t.freetv.fun/live/mi-gu-ti-yu-11.m3u8,网络源,
咪咕体育,https://t.freetv.fun/live/mi-gu-ti-yu-36.m3u8,网络源,
咪咕体育,https://t.freetv.fun/live/mi-gu-ti-yu-40-1.m3u8,网络源,
咪咕体育,https://t.freetv.fun/live/mi-gu-ti-yu-22-1.m3u8,网络源,
咪咕体育,https://t.freetv.fun/live/mi-gu-ti-yu-20.m3u8,网络源,
广东体育,https://stream1.freetv.fun/869475cf6ab5d187816a1b7fbd8649cfc0b41c452e5595eabb2a36e51a61eecf.m3u8,网络源,
广东体育,https://stream1.freetv.fun/3864d41a409cbbbd8579e4ec03eb47e6cf65b15f5cae7c3cd44ccd4b9991a017.m3u8,网络源,
睛彩竞技,http://ottrrs.hl.chinamobile.com/PLTV/88888888/224/3221226472/index.m3u8,网络源,
睛彩竞技,https://live.264788.xyz/channel/jingcaijingji?streamid=cffe5950999e75e007bd4a9f450fcf3b&livekey=01WgOR41rriMmMkzNsd0UoaxJRwetZdxIvtVk,网络源,
睛彩竞技,https://live.264788.xyz/channel/jingcaijingji?streamid=eafaa1aba48501f9179c81f2d8130032&livekey=01WgOR41rriMmMkzNsd0UoaxJRwetZdxIvtVk,网络源,
睛彩篮球,http://ottrrs.hl.chinamobile.com/PLTV/88888888/224/3221226469/index.m3u8,网络源,
睛彩篮球,https://live.264788.xyz/channel/jingcailanqiu?streamid=38ee65d3b9fee2eb971b05b0a134978a&livekey=01WgOR41rriMmMkzNsd0UoaxJRwetZdxIvtVk,网络源,
睛彩篮球,https://live.264788.xyz/channel/jingcailanqiu?streamid=40e579f6c4fc2784fadd3338b2de8b93&livekey=01WgOR41rriMmMkzNsd0UoaxJRwetZdxIvtVk,网络源,
纬来体育,https://t.freetv.fun/live/wei-lai-ti-yu-4.m3u8,网络源,
纬来体育,https://stream1.freetv.fun/wei-lai-ti-yu-9.ctv,网络源,
纬来体育,https://stream1.freetv.fun/wei-lai-ti-yu-3.m3u8,网络源,
纬来体育,https://t.freetv.fun/live/wei-lai-ti-yu-3-2.php,网络源,
纬来体育,http://zb.xmzb.xyz/123.php?id=⚽马上oppppp一纬来体育,网络源,
辽宁体育,https://stream1.freetv.fun/liao-zhu-ti-yu-3.m3u8,网络源,
辽宁体育,http://dassby.qqff.top:99/live/辽宁体育/index.m3u8,网络源,
辽宁体育,http://120.76.248.139/live/bfgd/4200000611.m3u8,网络源,
魅力足球,https://stream1.freetv.fun/mei-li-zu-qiu-5.ctv,网络源,
魅力足球,https://stream1.freetv.fun/ipv6-mei-li-zu-qiu-5.m3u8,网络源,
魅力足球,https://stream1.freetv.fun/mei-li-zu-qiu-3.m3u8,网络源,
魅力足球,https://stream1.freetv.fun/mei-li-zu-qiu-2.m3u8,网络源,
魅力足球,https://stream1.freetv.fun/mei-li-zu-qiu-4.ctv,网络源,
魅力足球,https://stream1.freetv.fun/ipv6-mei-li-zu-qiu-3.m3u8,网络源,
魅力足球,http://dassby.qqff.top:99/live/快乐垂钓/index.m3u8,网络源,
游戏风云,http://dassby.qqff.top:99/live/游戏风云/index.m3u8,网络源,
解说_扁豆看电影,https://www.goodiptv.club/huya/16028551,网络源,
阿斗归来了,https://www.goodiptv.club/huya/13303478,网络源,
CN卡通,https://stream1.freetv.fun/cnqia-tong-1.m3u8,网络源,
CN卡通,https://stream1.freetv.fun/cnqia-tong-2.m3u8,网络源,
CN卡通,http://fm1077.serv00.net/Smart.php?id=momo1_twn,网络源,
中华小当家,http://61.221.215.25:8800/hls/40/index.m3u8,网络源,
优漫卡通,http://ottrrs.hl.chinamobile.com/PLTV/88888888/224/3221225656/index.m3u8,网络源,
优漫卡通,https://stream1.freetv.fun/4073fb5ec1ec48f010e1db882aeb63ddc7104c56c5c729c4d08e932d585591a8.m3u8,网络源,
优漫卡通,https://stream1.freetv.fun/9a50e666912cb82bd584eb50bb030b7f654275ed05a586ef3c63ac39789df94b.m3u8,网络源,
优漫卡通,https://stream1.freetv.fun/ac5eafae4e70b19313da6c3dab1c94cf397035762561a767f703c1706b173488.m3u8,网络源,
优漫卡通,https://stream1.freetv.fun/61f1d51aed4a6e4ad9cde2362c1b00cd4cc8fb72bcf69d78458d36a46822d598.m3u8,网络源,
优漫卡通,https://stream1.freetv.fun/4f3e660db4b75f218546c35fbdf55813ca1cd497ebcaa5fa4d873cff81c402f5.m3u8,网络源,
动漫秀场,https://t.freetv.fun/live/dong-man-xiu-chang-gao-qing.m3u8,网络源,
动漫秀场,https://t.freetv.fun/live/dong-man-xiu-chang-6.m3u8,网络源,
动漫秀场,https://stream1.freetv.fun/c1a9c0728c4a8d7636c7de8d4f69f3abdc906231ea7f7e72d59433843738617f.m3u8,网络源,
动漫秀场,https://stream1.freetv.fun/116b072fce86ad7fb72e6cb782fc5e85b72e4bae044922c23b702e6aa5a3adb8.m3u8,网络源,
动漫秀场,https://stream1.freetv.fun/3db4e163a68d0e426d82c41072c03763ff9708ec882448590e3096d87f073067.m3u8,网络源,
动漫秀场,https://stream1.freetv.fun/7e65432fb94551c8a7abf4afa8996c11471807bf9cf6ec1a3e49a2c25b2c1f58.m3u8,网络源,
动漫秀场,https://t.freetv.fun/live/dong-man-xiu-chang-7.m3u8,网络源,
卡酷少儿,http://ottrrs.hl.chinamobile.com/PLTV/88888888/224/3221225654/index.m3u8,网络源,
卡酷少儿,https://stream1.freetv.fun/9f120845043130d2f249edcd09bb0a6de8d10054063288989272dfa7879b9228.m3u8,网络源,
卡酷少儿,https://stream1.freetv.fun/dcbc7525aff33fe5ac2363981c8fc101d4f0d9d7cd0796427ac956214b9230a4.m3u8,网络源,
卡酷少儿,http://198.204.228.26/live/btvkk.m3u8,网络源,
卡酷少儿,http://192.151.150.154/live/btvkk.m3u8,网络源,
卡酷少儿,http://38.75.136.137:98/gslb/dsdqpub/btvkk.m3u8?auth=testpub,网络源,
卡酷少儿,https://live.264788.xyz/channel/kakushaoer?streamid=f069028f0dff385fda42852ff102b4b9&livekey=01WgOR41rriMmMkzNsd0UoaxJRwetZdxIvtVk,网络源,
卡酷少儿,http://218.13.170.98:9901/tsfile/live/1021_1.m3u8#http://qjrhc.jydjd.top:2911/udp/224.1.100.146:11111,网络源,
哈哈炫动,http://ottrrs.hl.chinamobile.com/PLTV/88888888/224/3221225657/index.m3u8,网络源,
哈哈炫动,https://t.freetv.fun/live/ha-ha-xuan-dong-8.m3u8,网络源,
哈哈炫动,https://t.freetv.fun/live/ha-ha-xuan-dong-9.m3u8,网络源,
哈哈炫动,https://t.freetv.fun/live/ha-ha-xuan-dong-10.m3u8,网络源,
嘉佳卡通,https://t.freetv.fun/live/jia-jia-qia-tong-gao-qing.m3u8,网络源,
嘉佳卡通,https://t.freetv.fun/live/yan-dong-jia-jia-qia-tong.m3u8,网络源,
嘉佳卡通,https://stream1.freetv.fun/jia-jia-qia-tong-13.ctv,网络源,
嘉佳卡通,https://stream1.freetv.fun/jia-jia-qia-tong-2.ctv,网络源,
嘉佳卡通,https://stream1.freetv.fun/jia-jia-qia-tong-30.m3u8,网络源,
嘉佳卡通,https://stream1.freetv.fun/jia-jia-qia-tong-23.m3u8,网络源,
嘉佳卡通,https://stream1.freetv.fun/jia-jia-qia-tong-1.m3u8,网络源,
嘉佳卡通,https://stream1.freetv.fun/jia-jia-qia-tong-26.ctv,网络源,
嘉佳卡通,https://stream1.freetv.fun/jia-jia-qia-tong-22.ctv,网络源,
嘉佳卡通,https://stream1.freetv.fun/jia-jia-qia-tong-21.ctv,网络源,
嘉佳卡通,https://stream1.freetv.fun/jia-jia-qia-tong-16.ctv,网络源,
嘉佳卡通,https://stream1.freetv.fun/jia-jia-qia-tong-9.ctv,网络源,
新动漫,http://ottrrs.hl.chinamobile.com/PLTV/88888888/224/3221226515/index.m3u8,网络源,
新动漫,http://8.135.27.147:1234/961930269,网络源,
新动漫,http://14.153.176.89:1234/961930269,网络源,
新动漫,http://223.247.25.205:1234/961930269,网络源,
新动漫,http://111.122.65.136:1234/961930269,网络源,
新动漫,https://live.264788.xyz/channel/xindongman?streamid=85b0ac7f41afc70514c88a2805ac0dc3&livekey=01WgOR41rriMmMkzNsd0UoaxJRwetZdxIvtVk,网络源,
新动漫,https://live.264788.xyz/channel/xindongman?streamid=c6c62aab419afb0b56149d04d3e5f4cc&livekey=01WgOR41rriMmMkzNsd0UoaxJRwetZdxIvtVk,网络源,
新动漫,http://59.110.175.70:10000/961930269,网络源,
新动漫,http://hlsztemgsplive.miguvideo.com:8080/migu/kailu/ydcmxdm/50/20251225/index.m3u8?msisdn=20260522040218b182c82db14d4b5eb8665f6c06f5934c&mdspid=&spid=600603&netType=0&sid=5910022319&pid=2028597139&timestamp=20260522040218&Channel_ID=0116_2600000900-99000-201600010010027&ProgramID=961930269&ParentNodeID=-99&assertID=5910022319&client_ip=171.8.79.254&SecurityKey=20260522040218&promotionId=&mvid=5900006786&mcid=500020&playurlVersion=WX-A1-9.5.1.2-RELEASE&userid=&jmhm=&videocodec=h264&appCode=miguvideo_android&bean=mgspad&tid=android&conFee=0&encrypt=d53d0c0122b1478e74da9b4b047ec866,网络源,
新动漫,http://123.113.205.253:3000/961930269,网络源,
河北少儿科教,https://t.freetv.fun/live/he-bei-shao-er-ke-jiao-gao-qing.m3u8,网络源,
河北少儿科教,https://stream1.freetv.fun/he-bei-shao-er-ke-jiao-3.m3u8,网络源,
河北少儿科教,https://stream1.freetv.fun/he-bei-shao-er-ke-jiao-8.ctv,网络源,
河北少儿科教,https://stream1.freetv.fun/he-bei-shao-er-ke-jiao-6.ctv,网络源,
河北少儿科教,https://stream1.freetv.fun/he-bei-shao-er-ke-jiao-9.ctv,网络源,
河北少儿科教,https://stream1.freetv.fun/he-bei-shao-er-ke-jiao-17.ctv,网络源,
海南少儿,http://vapi.91kds.cc/live1/hitv.m3u8?id=hiqs&apiKey=2079b631b519ec17da0bc09844eb8419,网络源,
金鹰卡通,http://ottrrs.hl.chinamobile.com/PLTV/88888888/224/3221225653/index.m3u8,网络源,
金鹰卡通,https://stream1.freetv.fun/1b907bbf4760e673ec9ab89e2327cd1d9e5df04ca6ef35a6fb07f5b6757f4791.m3u8,网络源,
金鹰卡通,https://stream1.freetv.fun/49903af5e5fa7b3e3a0e029d6f5757c0dde5a588f4f4910975555563e5739604.m3u8,网络源,
金鹰卡通,https://stream1.freetv.fun/d359e4b4c64fc318def5882bd25710c29440c676c536363f3ecea9019a99ae7c.m3u8,网络源,
金鹰卡通,https://stream1.freetv.fun/b45dd7de8b220eadb2e16a1e68856cd6a4999022b18745d4dc7e0f0014893c29.m3u8,网络源,
金鹰卡通,https://stream1.freetv.fun/321f73ad28440de1629cd54e028c9355b2cb709eb8b30b90e4d0f3d5b41b0c4e.m3u8,网络源,
金鹰卡通,https://stream1.freetv.fun/f563b977599985b4eecdad9c802930fc79a2adbd22b40712ec657cba6adc5fcf.m3u8,网络源,
金鹰卡通,https://stream1.freetv.fun/04c887f5ef1094da7dee8aa04f8c3d763c80977655b913034c1c93e3883a91bb.m3u8,网络源,
金鹰卡通,https://stream1.freetv.fun/3442dca643bbe89bae76ea70d2aa42b07671b0e1daef6ef390f9f4edd7807a49.m3u8,网络源,
靖天卡通,https://t.freetv.fun/live/jing-tian-qia-tong-8.m3u8,网络源,
靖天卡通,https://t.freetv.fun/live/jing-tian-qia-tong-3.m3u8,网络源,
靖天卡通,https://t.freetv.fun/live/jing-tian-qia-tong-7.m3u8,网络源,
靖天卡通,https://t.freetv.fun/live/jing-tian-qia-tong-6.m3u8,网络源,
靖天卡通,https://t.freetv.fun/live/jing-tian-qia-tong-5.m3u8,网络源,
靖天卡通,https://t.freetv.fun/live/jing-tian-qia-tong-2.m3u8,网络源,
靖天卡通,https://t.freetv.fun/live/jing-tian-qia-tong-4.m3u8,网络源,
靖洋卡通,https://t.freetv.fun/live/jing-yang-qia-tong-1.m3u8,网络源,
靖洋卡通,https://t.freetv.fun/live/jing-yang-qia-tong-7.m3u8,网络源,
靖洋卡通,https://t.freetv.fun/live/jing-yang-qia-tong-4.m3u8,网络源,
靖洋卡通,https://t.freetv.fun/live/jing-yang-qia-tong-3.m3u8,网络源,
靖洋卡通,https://t.freetv.fun/live/jing-yang-qia-tong-6.m3u8,网络源,
靖洋卡通,https://t.freetv.fun/live/jing-yang-qia-tong-5.m3u8,网络源,
靖洋卡通,https://t.freetv.fun/live/jing-yang-qia-tong-2.m3u8,网络源,
龙华卡通,https://t.freetv.fun/live/long-hua-qia-tong-5.m3u8,网络源,
龙华卡通,https://t.freetv.fun/live/long-hua-qia-tong-9.m3u8,网络源,
龙华卡通,https://t.freetv.fun/live/long-hua-qia-tong-3.m3u8,网络源,
龙华卡通,https://t.freetv.fun/live/long-hua-qia-tong-7.m3u8,网络源,
龙华卡通,https://t.freetv.fun/live/long-hua-qia-tong-2-1.m3u8,网络源,
龙华卡通,https://t.freetv.fun/live/long-hua-qia-tong-6.m3u8,网络源,
龙华卡通,https://t.freetv.fun/live/long-hua-qia-tong-4.m3u8,网络源,
龙华卡通,https://t.freetv.fun/live/long-hua-qia-tong-8.m3u8,网络源,
龙华卡通,https://cdn8.163189.xyz/live/lhkt/stream.m3u8,网络源,
龙华卡通,https://t.freetv.fun/live/long-hua-qia-tong-2.php,网络源,
龙华卡通,http://xclasvgas.sylu.cc:8880/?token=dbm&id=litv-xinchuang01,网络源,
BBC,https://t.freetv.fun/live/bbc2.m3u8,网络源,
BBC,https://stream1.freetv.fun/bbc-news-5.m3u8,网络源,
BBC,https://t.freetv.fun/live/bbc-4.php,网络源,
CNA,http://d2e1asnsl7br7b.cloudfront.net/7782e205e72f43aeb4a48ec97f66ebbe/index_4.m3u8,网络源,
CNA,http://d2e1asnsl7br7b.cloudfront.net/7782e205e72f43aeb4a48ec97f66ebbe/index_5.m3u8,网络源,
CNA,https://d2e1asnsl7br7b.cloudfront.net/7782e205e72f43aeb4a48ec97f66ebbe/index_5.m3u8,网络源,
CNA,https://d2e1asnsl7br7b.cloudfront.net/7782e205e72f43aeb4a48ec97f66ebbe/index_4.m3u8,网络源,
CNA,https://t.freetv.fun/live/cna-5.m3u8,网络源,
CNA,http://fm1077.serv00.net/Smart.php?id=cna,网络源,
CNN,https://turnerlive.warnermediacdn.com/hls/live/586495/cnngo/cnn_slate/VIDEO_0_3564000.m3u8,网络源,
CNN,https://turnerlive.warnermediacdn.com/hls/live/586495/cnngo/cnn_slate/VIDEO_4_1064000.m3u8,网络源,
Fox新闻,https://fox-foxnewsnow-samsungus.amagi.tv/playlist720p.m3u8,网络源,
东森美洲卫视,https://t.freetv.fun/live/dong-sen-mei-zhou-wei-shi-1.m3u8,网络源,
东森美洲卫视,http://38.64.72.148:80/hls/modn/list/2015/chunklist0.m3u8,网络源,
东森美洲卫视,https://stream1.freetv.fun/dong-sen-mei-zhou-wei-shi-1.m3u8,网络源,
半·新闻,http://live-hls-web-aja.getaj.net/AJA/02.m3u8,网络源,
Discovery,http://ott.watch/stream/E9LDH2ZCN7/177.m3u8,网络源,
Discovery,http://fm1077.serv00.net/Smart.php?id=discoveryhd_twn,网络源,
动物世界,http://newcntv.qcloudcdn.com/asp/hls/1200/0303000a/3/default/71d7dce230b74c1b9e35b41e837ffc5f/1200.m3u8,网络源,
动物星球,https://t.freetv.fun/live/dong-wu-xing-qiu-2.m3u8,网络源,
动物星球,https://t.freetv.fun/live/dong-wu-xing-qiu-1-1.m3u8,网络源,
动物星球,https://stream1.freetv.fun/dong-wu-xing-qiu-1.m3u8,网络源,
动物星球,http://61.221.215.25:8800/hls/57/index.m3u8,网络源,
动物星球,http://fm1077.serv00.net/Smart.php?id=animalplanet_twn,网络源,
动物星球,https://t.freetv.fun/live/dong-wu-xing-qiu-2.php,网络源,
动物星球,https://t.freetv.fun/live/dong-wu-xing-qiu-1-1.php,网络源,
国家地理,https://t.freetv.fun/live/guo-jia-di-li-2.m3u8,网络源,
国家地理,http://fm1077.serv00.net/Smart.php?id=natgeohd_twn,网络源,
国家地理,http://[240e:f7:4f01:23:60::11]/zycfcdn.gdwlcloud.com/PLTV/88888888/224/3221226466/index.m3u8,网络源,
求索纪录,https://t.freetv.fun/live/qiu-suo-ji-lu-2.m3u8,网络源,
求索纪录,https://stream1.freetv.fun/qiu-suo-ji-lu-1.m3u8,网络源,
求索纪录,https://stream1.freetv.fun/qiu-suo-ji-lu-2.m3u8,网络源,
求索纪录,https://stream1.freetv.fun/qiu-suo-ji-lu-13.m3u8,网络源,
求索纪录,https://stream1.freetv.fun/qiu-suo-ji-lu-11.m3u8,网络源,
求索纪录,https://stream1.freetv.fun/qiu-suo-ji-lu-7.m3u8,网络源,
求索纪录,https://stream1.freetv.fun/qiu-suo-ji-lu-18.m3u8,网络源,
求索纪录,https://stream1.freetv.fun/ipv6-qiu-suo-ji-lu-6.m3u8,网络源,
求索纪录,https://stream1.freetv.fun/qiu-suo-ji-lu-17.m3u8,网络源,
求索纪录,https://stream1.freetv.fun/qiu-suo-ji-lu-2.ctv,网络源,
求索纪录,https://stream1.freetv.fun/qiu-suo-ji-lu-8.m3u8,网络源,
求索纪录,https://stream1.freetv.fun/qiu-suo-ji-lu-3.m3u8,网络源,
求索纪录,https://stream1.freetv.fun/qiu-suo-ji-lu-12.m3u8,网络源,
求索纪录,https://stream1.freetv.fun/ipv6-qiu-suo-ji-lu-5.m3u8,网络源,
求索纪录,https://stream1.freetv.fun/qiu-suo-ji-lu-5.m3u8,网络源,
求索纪录,https://stream1.freetv.fun/qiu-suo-ji-lu-9.m3u8,网络源,
求索纪录,https://stream1.freetv.fun/qiu-suo-ji-lu-6.m3u8,网络源,
求索纪录,https://stream1.freetv.fun/qiu-suo-ji-lu-14.m3u8,网络源,
求索纪录,https://stream1.freetv.fun/qiu-suo-ji-lu-10.m3u8,网络源,
美食星球,http://fm1077.serv00.net/Smart.php?id=foodplanet_twn,网络源,
航拍中国第一季,http://newcntv.qcloudcdn.com/asp/hls/4000/0303000a/3/default/8edf3fb6a69148ea9a7dc0b5a9d99fdb/4000.m3u8,网络源,
航拍中国第三季,http://newcntv.qcloudcdn.com/asp/hls/1200/0303000a/3/default/18a8a559464448dbaf60d33913e09aea/1200.m3u8,网络源,
东森戏剧,https://t.freetv.fun/live/dong-sen-xi-ju-2-2.m3u8,网络源,
东森戏剧,https://t.freetv.fun/live/dong-sen-xi-ju-2.php,网络源,
东森戏剧,https://smt.1678520.xyz/163189/f60cd3f14b06dabc,网络源,
东森戏剧,http://fm1077.serv00.net/Smart.php?id=ettvdrama,网络源,
八大戏剧,https://t.freetv.fun/live/ba-da-xi-ju-1.m3u8,网络源,
八大戏剧,https://stream1.freetv.fun/6b1701a07ea621155cdaa9ee604b6c6ebc763093fafaf493ce7a3c2e206be799.m3u8,网络源,
八大戏剧,https://t.freetv.fun/live/ba-da-xi-ju.m3u8,网络源,
八大戏剧,http://fm1077.serv00.net/Smart.php?id=badadrama,网络源,
八大戏剧,https://t.freetv.fun/live/ba-da-xi-ju.php,网络源,
八大戏剧,https://t.freetv.fun/live/ba-da-xi-ju-1.php,网络源,
梨园,http://223.247.25.205:1234/961930369,网络源,
梨园,http://8.135.27.147:1234/961930369,网络源,
梨园,http://14.153.176.89:1234/961930369,网络源,
梨园,http://111.122.65.136:1234/961930369,网络源,
梨园,http://123.113.205.253:3000/961930369,网络源,
梨园,https://vdse.bdstatic.com//5787b4fd8574dafb0362d30820022447.mp4?,网络源,
梨园,http://112.132.10.54:9901/tsfile/live/1019_1.m3u8?key=txiptv&playlive=1&authid=0,网络源,
梨园,https://dxtx.hntv.tv/live/lypd.m3u8?txSecret=10c771842a0be59e8b575d765173ec96&txTime=7B923E0A&wsSecret=e8b95663389f0f5a183e19e4ef767c00&wsTime=1779407924,网络源,
梨园,http://hlsztemgsplive.miguvideo.com:8080/migu/kailu/ydcmc/50/20251225/index.m3u8?msisdn=202605220402199ba9bbc5ccc74b69b89336aaab8da282&mdspid=&spid=600697&netType=0&sid=5910022344&pid=2028597139&timestamp=20260522040219&Channel_ID=0116_2600000900-99000-201600010010027&ProgramID=961930369&ParentNodeID=-99&assertID=5910022344&client_ip=171.8.79.254&SecurityKey=20260522040219&promotionId=&mvid=5900006785&mcid=500020&playurlVersion=WX-A1-9.5.1.2-RELEASE&userid=&jmhm=&videocodec=h264&appCode=miguvideo_android&bean=mgspad&tid=android&conFee=0&encrypt=0bb3cea48053dea35cc089d36b510c92,网络源,
梨园,https://dxtx.hntv.tv/live/lypd.m3u8?txSecret=10c771842a0be59e8b575d765173ec96&txTime=7B923E0A&wsSecret=3af201da078f4876108f5776b8fe6b60&wsTime=1773971972,网络源,
梨园,https://dxtx.hntv.tv/live/lypd.m3u8?txSecret=10c771842a0be59e8b575d765173ec96&txTime=7B923E0A&wsSecret=a9b9d28d3552a0d5690aa6ec6213cfd4&wsTime=1779343111,网络源,
梨园,http://dassby.qqff.top:99/live/梨园/index.m3u8,网络源,
梨园,http://59.110.175.70:10000/961930369,网络源,
上海教育,https://live.264788.xyz/channel/shanghaijiaoyu?streamid=7929616b4ed4f0398125e35ab1172c4a&livekey=01WgOR41rriMmMkzNsd0UoaxJRwetZdxIvtVk,网络源,
上海教育,https://live.264788.xyz/channel/shanghaijiaoyu?streamid=23a01b2c8e8e22aa3bb7b227a129e2c4&livekey=01WgOR41rriMmMkzNsd0UoaxJRwetZdxIvtVk,网络源,
上海教育,https://live.264788.xyz/channel/shanghaijiaoyu?streamid=b02bea090da12acecb8361a581676210&livekey=01WgOR41rriMmMkzNsd0UoaxJRwetZdxIvtVk,网络源,
上海教育,https://live.264788.xyz/channel/shanghaijiaoyu?streamid=8d167a5b0fdf668c0f442e838db5e410&livekey=01WgOR41rriMmMkzNsd0UoaxJRwetZdxIvtVk,网络源,
上海纪实,https://stream1.freetv.fun/ipv6-shang-hai-ji-shi-ren-wen-1.m3u8,网络源,
上海都市,https://stream1.freetv.fun/ipv6-shang-hai-du-shi-5.m3u8,网络源,
上海都市,https://stream1.freetv.fun/shang-hai-du-shi-1.m3u8,网络源,
上海都市,https://stream1.freetv.fun/shang-hai-du-shi-7.m3u8,网络源,
上海都市,https://stream1.freetv.fun/ipv6-shang-hai-du-shi-7.m3u8,网络源,
上海都市,https://stream1.freetv.fun/ipv6-shang-hai-du-shi-10.m3u8,网络源,
上海都市,https://stream1.freetv.fun/ipv6-shang-hai-du-shi-2.m3u8,网络源,
上海都市,https://stream1.freetv.fun/shang-hai-du-shi-10.m3u8,网络源,
上海都市,https://stream1.freetv.fun/ipv6-shang-hai-du-shi-1.m3u8,网络源,
上海都市,https://stream1.freetv.fun/ipv6-shang-hai-du-shi-11.m3u8,网络源,
上海都市,https://stream1.freetv.fun/ipv6-shang-hai-du-shi-6.m3u8,网络源,
上海都市频道,http://ottrrs.hl.chinamobile.com/PLTV/88888888/224/3221226347/index.m3u8,网络源,
东方影视,https://t.freetv.fun/live/shang-shi-dong-fang-ying-shi-1-1.m3u8,网络源,
东方影视,https://t.freetv.fun/live/dong-fang-ying-shi-3-1.m3u8,网络源,
东方影视,https://t.freetv.fun/live/shang-shi-dong-fang-ying-shi-2.m3u8,网络源,
东方影视,https://stream1.freetv.fun/ipv6-dong-fang-ying-shi-3.m3u8,网络源,
东方影视,https://stream1.freetv.fun/dong-fang-ying-shi-1.m3u8,网络源,
东方影视,https://stream1.freetv.fun/dong-fang-ying-shi-6.ctv,网络源,
东方影视,https://stream1.freetv.fun/ipv6-dong-fang-ying-shi-7.m3u8,网络源,
东方影视,https://stream1.freetv.fun/dong-fang-ying-shi-7.m3u8,网络源,
东方影视,https://stream1.freetv.fun/dong-fang-ying-shi-10.m3u8,网络源,
东方影视,https://stream1.freetv.fun/dong-fang-ying-shi-8.m3u8,网络源,
东方影视,https://live.264788.xyz/channel/dongfangyingshi?streamid=0995015e995fbffe5924ab43ff48f40f&livekey=01WgOR41rriMmMkzNsd0UoaxJRwetZdxIvtVk,网络源,
东方影视,https://stream1.freetv.fun/dong-fang-ying-shi-2.m3u8,网络源,
东方财经,https://live.264788.xyz/channel/dongfangcaijing?streamid=a031f2386ada4bc1264edce79c80dd18&livekey=01WgOR41rriMmMkzNsd0UoaxJRwetZdxIvtVk,网络源,
东方财经,https://live.264788.xyz/channel/dongfangcaijing?streamid=82d4a4e6dd7add9e6d65efc2d7658b04&livekey=01WgOR41rriMmMkzNsd0UoaxJRwetZdxIvtVk,网络源,
新闻综合,http://ottrrs.hl.chinamobile.com/PLTV/88888888/224/3221226346/index.m3u8,网络源,
新闻综合,https://t.freetv.fun/live/shang-hai-xin-wen.m3u8,网络源,
新闻综合,https://stream1.freetv.fun/xin-wen-zong-he-2.m3u8,网络源,
新闻综合,https://stream1.freetv.fun/ipv6-xin-wen-zong-he-7.m3u8,网络源,
新闻综合,https://stream1.freetv.fun/xin-wen-zong-he-9.m3u8,网络源,
新闻综合,https://stream1.freetv.fun/xin-wen-zong-he-3.m3u8,网络源,
新闻综合,https://live.264788.xyz/channel/shanghaixinwenzonghe?streamid=b42305d47a7ea7de356f6b9953dd63fb&livekey=01WgOR41rriMmMkzNsd0UoaxJRwetZdxIvtVk,网络源,
新闻综合,http://8.135.27.147:1234/651632657,网络源,
新闻综合,http://223.247.25.205:1234/651632657,网络源,
新闻综合,https://live.264788.xyz/channel/shanghaixinwenzonghe?streamid=c0bc623be007e5295d462465c7bd7bd7&livekey=01WgOR41rriMmMkzNsd0UoaxJRwetZdxIvtVk,网络源,
法治天地,https://live.264788.xyz/channel/fazhitiandi?streamid=f97ae69ae237e5fed46fc31c7f75ac14&livekey=01WgOR41rriMmMkzNsd0UoaxJRwetZdxIvtVk,网络源,
法治天地,https://live.264788.xyz/channel/fazhitiandi?streamid=fe165cb56510151228c7f1f898f9cc2d&livekey=01WgOR41rriMmMkzNsd0UoaxJRwetZdxIvtVk,网络源,
法治天地,https://live.264788.xyz/channel/fazhitiandi?streamid=48bdb4889e76ecd8fec232fa135a2403&livekey=01WgOR41rriMmMkzNsd0UoaxJRwetZdxIvtVk,网络源,
法治天地,https://live.264788.xyz/channel/fazhitiandi?streamid=0039922a529780d5b2709e5ccd146683&livekey=01WgOR41rriMmMkzNsd0UoaxJRwetZdxIvtVk,网络源,
生活时尚,https://stream1.freetv.fun/sheng-huo-shi-shang-6.m3u8,网络源,
生活时尚,https://stream1.freetv.fun/sheng-huo-shi-shang-9.m3u8,网络源,
生活时尚,https://stream1.freetv.fun/sheng-huo-shi-shang-20.ctv,网络源,
生活时尚,https://stream1.freetv.fun/sheng-huo-shi-shang-10.ctv,网络源,
生活时尚,https://stream1.freetv.fun/ipv6-sheng-huo-shi-shang-5.m3u8,网络源,
生活时尚,https://stream1.freetv.fun/sheng-huo-shi-shang-18.m3u8,网络源,
生活时尚,https://stream1.freetv.fun/sheng-huo-shi-shang-5.ctv,网络源,
生活时尚,https://stream1.freetv.fun/sheng-huo-shi-shang-13.ctv,网络源,
生活时尚,https://stream1.freetv.fun/sheng-huo-shi-shang-24.m3u8,网络源,
第一财经,https://t.freetv.fun/live/shang-hai-di-yi-cai-jing-1.m3u8,网络源,
第一财经,https://t.freetv.fun/live/shang-hai-di-yi-cai-jing-2.m3u8,网络源,
第一财经,https://t.freetv.fun/live/shang-hai-di-yi-cai-jing-3.m3u8,网络源,
第一财经,https://stream1.freetv.fun/di-yi-cai-jing-5.m3u8,网络源,
第一财经,https://stream1.freetv.fun/ipv6-di-yi-cai-jing-5.m3u8,网络源,
第一财经,https://stream1.freetv.fun/ipv6-di-yi-cai-jing-11.m3u8,网络源,
第一财经,https://stream1.freetv.fun/di-yi-cai-jing-2.m3u8,网络源,
第一财经,https://stream1.freetv.fun/di-yi-cai-jing-12.m3u8,网络源,
第一财经,https://stream1.freetv.fun/ipv6-di-yi-cai-jing-6.m3u8,网络源,
都市剧场,https://live.264788.xyz/channel/dushijuchang?streamid=087bbd865ae84d7fe5c566127ffad8ee&livekey=01WgOR41rriMmMkzNsd0UoaxJRwetZdxIvtVk,网络源,
都市剧场,https://live.264788.xyz/channel/dushijuchang?streamid=fd36352c039198fe0978687774e97e59&livekey=01WgOR41rriMmMkzNsd0UoaxJRwetZdxIvtVk,网络源,
都市剧场,https://live.264788.xyz/channel/dushijuchang?streamid=703d0752c54f22baa433be41c2f9d236&livekey=01WgOR41rriMmMkzNsd0UoaxJRwetZdxIvtVk,网络源,
都市剧场,https://live.264788.xyz/channel/dushijuchang?streamid=aa27adea6b26826f34c83402fb0465ca&livekey=01WgOR41rriMmMkzNsd0UoaxJRwetZdxIvtVk,网络源,
湖南公共,https://stream1.freetv.fun/hu-nan-gong-gong-6.m3u8,网络源,
湖南公共,https://stream1.freetv.fun/hu-nan-gong-gong-2.m3u8,网络源,
湖南公共,https://stream1.freetv.fun/hu-nan-gong-gong-gao-qing-1.m3u8,网络源,
湖南公共,https://stream1.freetv.fun/hu-nan-gong-gong-4.m3u8,网络源,
湖南公共,https://stream1.freetv.fun/hu-nan-gong-gong-1.m3u8,网络源,
湖南公共,http://113.241.133.180:85/tsfile/live/1006_1.m3u8?key=txiptv&playlive=1&authid=0,网络源,
湖南公共,https://stream1.freetv.fun/hu-nan-gong-gong-3.m3u8,网络源,
湖南公共,"http://223.159.9.168:8099/tsfile/live/1003_1.m3u8?key=txiptv&playlive=0&authid=0,0.47,1920x1080",网络源,
湖南国际,https://stream1.freetv.fun/hu-nan-guo-ji-2.m3u8,网络源,
湖南国际,https://stream1.freetv.fun/hu-nan-guo-ji-3.m3u8,网络源,
湖南国际,https://stream1.freetv.fun/hu-nan-guo-ji-7.m3u8,网络源,
湖南国际,https://stream1.freetv.fun/hu-nan-guo-ji-4.m3u8,网络源,
湖南国际,https://stream1.freetv.fun/hu-nan-guo-ji-10.m3u8,网络源,
湖南国际,https://stream1.freetv.fun/hu-nan-guo-ji-1.m3u8,网络源,
湖南国际,https://stream1.freetv.fun/hu-nan-guo-ji-6.m3u8,网络源,
湖南国际,https://stream1.freetv.fun/hu-nan-guo-ji-9.m3u8,网络源,
湖南国际,https://stream1.freetv.fun/hu-nan-guo-ji-12.m3u8,网络源,
湖南国际,https://stream1.freetv.fun/hu-nan-guo-ji-13.ctv,网络源,
湖南国际,http://113.241.133.180:85/tsfile/live/1000_1.m3u8?key=txiptv&playlive=1&authid=0,网络源,
湖南国际,"http://phonehw.qing.mgtv.com/nn_live/nn_x64/dWlwPTEwMy4zOS4yMjYuMTAwJnFpZD0mY2RuZXhfaWQ9aHdfcGhvbmUmcz0zYTExOGIwNDMyM2Y3Y2EyYjAyZDFjOTE3Yjc4YmU1YSZ1aWQ9JnV1aWQ9OGE4MjU5MWIyOWJkZGMzYWJiNDIxMzFjMmRhNTlkYjMtNjcyN2UyNjQmdj0yJmFzPTAmZXM9MTc0MDQwODkzNA,,/HNGJMPP360.m3u8",网络源,
湖南国际,"http://223.159.9.168:8099/tsfile/live/1007_1.m3u8?key=txiptv&playlive=0&authid=0,0.47,1920x1080",网络源,
湖南娱乐,https://stream1.freetv.fun/hu-nan-yu-le-4.m3u8,网络源,
湖南娱乐,https://stream1.freetv.fun/hu-nan-yu-le-10.m3u8,网络源,
湖南娱乐,https://stream1.freetv.fun/hu-nan-yu-le-14.m3u8,网络源,
湖南娱乐,https://stream1.freetv.fun/hu-nan-yu-le-6.m3u8,网络源,
湖南娱乐,https://stream1.freetv.fun/hu-nan-yu-le-15.m3u8,网络源,
湖南娱乐,https://stream1.freetv.fun/hu-nan-yu-le-13.m3u8,网络源,
湖南娱乐,https://stream1.freetv.fun/hu-nan-yu-le-5.m3u8,网络源,
湖南娱乐,https://stream1.freetv.fun/hu-nan-yu-le-12.m3u8,网络源,
湖南娱乐,https://stream1.freetv.fun/hu-nan-yu-le-11.m3u8,网络源,
湖南娱乐,https://stream1.freetv.fun/hu-nan-yu-le-gao-qing-3.m3u8,网络源,
湖南娱乐,https://stream1.freetv.fun/hu-nan-yu-le-7.m3u8,网络源,
湖南娱乐,https://stream1.freetv.fun/hu-nan-yu-le-16.ctv,网络源,
湖南教育,https://t.freetv.fun/live/hu-nan-jiao-yu-2-1.m3u8,网络源,
湖南教育,https://stream1.freetv.fun/hu-nan-jiao-yu-2.m3u8,网络源,
湖南教育,https://stream1.freetv.fun/hu-nan-jiao-yu-4.m3u8,网络源,
湖南教育,https://stream1.freetv.fun/hu-nan-jiao-yu-1.m3u8,网络源,
湖南教育,https://stream1.freetv.fun/hu-nan-jiao-yu-5.m3u8,网络源,
湖南爱晚,http://phoneqq.qing.mgtv.com/nn_live/nn_x64/dWlwPTEwNi4xNC4zOC41NSZ0ZXJtPTUmcWlkPSZyYXV0aF9lbmFibGU9b2ZmJmNkbmV4X2lkPXFxX3Bob25lX2xpdmUmY2hzPSZkZWY9MSZzPTVkZjVmNDRiYjg2MWQ3MzNkZTQwZmU3ZjliZmVhMGExJnVpZD0mdXVpZD05NDdiOGFmNzcwNzA5YmZlZDA1MTljOWNjMTU3YmRmOS02YTBlMjYzNyZ2PTImYXM9MCZlcz0xNzc5NDAxODgy/HNGGMPP360.m3u8,网络源,
湖南电影,https://stream1.freetv.fun/hu-nan-dian-ying-5.m3u8,网络源,
湖南电影,https://stream1.freetv.fun/hu-nan-dian-ying-3.m3u8,网络源,
湖南电影,https://stream1.freetv.fun/hu-nan-dian-ying-13.m3u8,网络源,
湖南电影,https://stream1.freetv.fun/hu-nan-dian-ying-15.m3u8,网络源,
湖南电影,https://stream1.freetv.fun/hu-nan-dian-ying-4.m3u8,网络源,
湖南电影,https://stream1.freetv.fun/hu-nan-dian-ying-11.m3u8,网络源,
湖南电影,https://stream1.freetv.fun/hu-nan-dian-ying-14.m3u8,网络源,
湖南电影,https://stream1.freetv.fun/hu-nan-dian-ying-12.m3u8,网络源,
湖南电影,https://stream1.freetv.fun/hu-nan-dian-ying-2.m3u8,网络源,
湖南电影,https://stream1.freetv.fun/hu-nan-dian-ying-6.m3u8,网络源,
湖南电影,https://stream1.freetv.fun/hu-nan-dian-ying-10.m3u8,网络源,
湖南电影,https://stream1.freetv.fun/hu-nan-dian-ying-17.ctv,网络源,
湖南电影,https://stream1.freetv.fun/hu-nan-dian-ying-9.m3u8,网络源,
湖南电影,https://stream1.freetv.fun/hu-nan-dian-ying-7.m3u8,网络源,
湖南电影,https://stream1.freetv.fun/hu-nan-dian-ying-8.m3u8,网络源,
湖南电视剧,https://stream1.freetv.fun/hu-nan-dian-shi-ju-1.m3u8,网络源,
湖南电视剧,https://stream1.freetv.fun/hu-nan-dian-shi-ju-10.ctv,网络源,
湖南电视剧,https://stream1.freetv.fun/hu-nan-dian-shi-ju-6.m3u8,网络源,
湖南电视剧,https://stream1.freetv.fun/hu-nan-dian-shi-ju-8.m3u8,网络源,
湖南电视剧,https://stream1.freetv.fun/hu-nan-dian-shi-ju-9.m3u8,网络源,
湖南电视剧,https://stream1.freetv.fun/hu-nan-dian-shi-ju-11.m3u8,网络源,
湖南电视剧,https://stream1.freetv.fun/hu-nan-dian-shi-ju-4.m3u8,网络源,
湖南电视剧,https://stream1.freetv.fun/hu-nan-dian-shi-ju-gao-qing-1.m3u8,网络源,
湖南电视剧,https://stream1.freetv.fun/hu-nan-dian-shi-ju-15.m3u8,网络源,
湖南电视剧,https://stream1.freetv.fun/hu-nan-dian-shi-ju-5.m3u8,网络源,
湖南电视剧,http://175.155.106.72:89/live1/live1.m3u8?zsicd 72.会东新闻,网络源,
湖南经视,https://stream1.freetv.fun/hu-nan-jing-shi-4.m3u8,网络源,
湖南经视,https://stream1.freetv.fun/hu-nan-jing-shi-12.m3u8,网络源,
湖南经视,https://stream1.freetv.fun/hu-nan-jing-shi-14.m3u8,网络源,
湖南经视,https://stream1.freetv.fun/hu-nan-jing-shi-10.m3u8,网络源,
湖南经视,https://stream1.freetv.fun/hu-nan-jing-shi-13.m3u8,网络源,
湖南经视,https://stream1.freetv.fun/hu-nan-jing-shi-11.m3u8,网络源,
湖南经视,https://stream1.freetv.fun/hu-nan-jing-shi-gao-qing-2.m3u8,网络源,
湖南经视,https://stream1.freetv.fun/hu-nan-jing-shi-10.ctv,网络源,
湖南经视,https://stream1.freetv.fun/hu-nan-jing-shi-9.m3u8,网络源,
湖南都市,https://stream1.freetv.fun/hu-nan-du-shi-10.m3u8,网络源,
湖南都市,https://stream1.freetv.fun/hu-nan-du-shi-15.m3u8,网络源,
湖南都市,https://stream1.freetv.fun/hu-nan-du-shi-1.m3u8,网络源,
湖南都市,https://stream1.freetv.fun/hu-nan-du-shi-5.m3u8,网络源,
湖南都市,https://stream1.freetv.fun/hu-nan-du-shi-14.m3u8,网络源,
湖南都市,https://stream1.freetv.fun/hu-nan-du-shi-gao-qing-3.m3u8,网络源,
湖南都市,https://stream1.freetv.fun/hu-nan-du-shi-gao-qing-1.m3u8,网络源,
湖南都市,https://stream1.freetv.fun/hu-nan-du-shi-6.m3u8,网络源,
湖南都市,https://stream1.freetv.fun/hu-nan-du-shi-7.m3u8,网络源,
湖南金鹰纪实,http://61.184.46.85:85/tsfile/live/1026_1.m3u8?key=txiptv&playlive=1&authid=0,网络源,
金鹰纪实,https://t.freetv.fun/live/jin-ying-ji-shi-9.m3u8,网络源,
金鹰纪实,https://t.freetv.fun/live/jin-ying-ji-shi-gao-qing-1.m3u8,网络源,
金鹰纪实,https://t.freetv.fun/live/jin-ying-ji-shi-8.m3u8,网络源,
金鹰纪实,https://t.freetv.fun/live/jin-ying-ji-shi-gao-qing-2.m3u8,网络源,
金鹰纪实,https://stream1.freetv.fun/jin-ying-ji-shi-8.m3u8,网络源,
金鹰纪实,https://stream1.freetv.fun/jin-ying-ji-shi-gao-qing-2.m3u8,网络源,
金鹰纪实,https://stream1.freetv.fun/jin-ying-ji-shi-9.m3u8,网络源,
长沙新闻综合,http://ottrrs.hl.chinamobile.com/PLTV/88888888/224/3221226308/index.m3u8,网络源,
长沙新闻频道,"http://phonehwei.qing.mgtv.com/nn_live/nn_x64/dWlwPTEwNi4xNC4zOC41NSZ0ZXJtPTUmcWlkPSZyYXV0aF9lbmFibGU9b2ZmJmNkbmV4X2lkPWh3X3Bob25lJmNocz0mZGVmPTEmcz1jODU3N2FkNDdmNzc0MTFiOGJkODIyMTJkOTEyNmMxMiZ1aWQ9JnV1aWQ9ZWE3ZDI0Yzc4OWQ3ZDcwMzBkYjE2MGZhM2JkOTAxZjgtNmEwZTI2Mzcmdj0yJmFzPTAmZXM9MTc3OTM5MDA3Ng,,/CSXWMPP360.m3u8",网络源,
长沙新闻频道,"http://phonehwei.qing.mgtv.com/nn_live/nn_x64/dWlwPTEwNi4xNC4zOC41NSZ0ZXJtPTUmcWlkPSZyYXV0aF9lbmFibGU9b2ZmJmNkbmV4X2lkPWh3X3Bob25lJmNocz0mZGVmPTEmcz04Njk3M2QzYzkwNDgyN2VhNGFkZDVkMjM1OWIyZTJmZCZ1aWQ9JnV1aWQ9YmQ5NmIyYzQyN2FjYWRhODA2ZjJhNWJjOGYxZTFhODItNmEwZTI2Mzcmdj0yJmFzPTAmZXM9MTc3OTQyMjE3Mg,,/CSXWMPP360.m3u8",网络源,
武汉一台新闻综合,http://ottrrs.hl.chinamobile.com/PLTV/88888888/224/3221226478/index.m3u8,网络源,
武汉一台新闻综合,https://stream1.freetv.fun/wu-yi-yi-tai-xin-wen-zong-he-4.m3u8,网络源,
武汉一台新闻综合,https://stream1.freetv.fun/wu-yi-1xin-wen-zong-he-2.m3u8,网络源,
武汉二台电视剧,https://stream1.freetv.fun/wu-yi-er-tai-dian-shi-ju-3.ctv,网络源,
武汉二台电视剧,https://stream1.freetv.fun/wu-yi-er-tai-dian-shi-ju-1.m3u8,网络源,
武汉教育,https://stream1.freetv.fun/wu-yi-jiao-yu-7.m3u8,网络源,
武汉教育,https://stream1.freetv.fun/wu-yi-jiao-yu-15.m3u8,网络源,
武汉教育,https://stream1.freetv.fun/wu-yi-jiao-yu-12.m3u8,网络源,
武汉教育,https://stream1.freetv.fun/wu-yi-jiao-yu-17.m3u8,网络源,
武汉教育,https://stream1.freetv.fun/wu-yi-jiao-yu-5.m3u8,网络源,
武汉教育,https://stream1.freetv.fun/wu-yi-jiao-yu-18.m3u8,网络源,
江夏新闻综合,http://59.175.226.142:280/gb28181/xwzh.m3u8?%E5%85%B3%E6%B3%A8%E5%BE%AE%E4%BF%A1%E5%85%AC%E4%BC%97%E5%8F%B7[%E6%99%B4%E5%9B%AD],网络源,
江夏新闻综合,http://59.175.226.142:280/gb28181/xwzh.m3u8,网络源,
湖北公共,https://stream1.freetv.fun/hu-bei-gong-gong-10.m3u8,网络源,
湖北公共,https://stream1.freetv.fun/hu-bei-gong-gong-xin-wen-4.m3u8,网络源,
湖北公共,https://stream1.freetv.fun/hu-bei-gong-gong-11.m3u8,网络源,
湖北公共,https://stream1.freetv.fun/hu-bei-gong-gong-13.m3u8,网络源,
湖北公共,https://stream1.freetv.fun/hu-bei-gong-gong-xin-wen-2.m3u8,网络源,
湖北公共,https://stream1.freetv.fun/hu-bei-gong-gong-xin-wen-3.ctv,网络源,
湖北公共,https://stream1.freetv.fun/hu-bei-gong-gong-12.m3u8,网络源,
湖北公共,https://stream1.freetv.fun/hu-bei-gong-gong-5.m3u8,网络源,
湖北公共,https://stream1.freetv.fun/hu-bei-gong-gong-4.m3u8,网络源,
湖北公共,https://stream1.freetv.fun/hu-bei-gong-gong-7.m3u8,网络源,
湖北公共,https://stream1.freetv.fun/hu-bei-gong-gong-9.m3u8,网络源,
湖北公共,https://stream1.freetv.fun/hu-bei-gong-gong-3.m3u8,网络源,
湖北公共,https://stream1.freetv.fun/hu-bei-gong-gong-1.m3u8,网络源,
湖北公共,https://stream1.freetv.fun/hu-bei-gong-gong-2.m3u8,网络源,
湖北垄上,https://stream1.freetv.fun/hu-bei-long-shang-3.m3u8,网络源,
湖北垄上,https://stream1.freetv.fun/hu-bei-long-shang-1.m3u8,网络源,
湖北垄上,https://stream1.freetv.fun/hu-bei-long-shang-10.m3u8,网络源,
湖北垄上,https://stream1.freetv.fun/hu-bei-long-shang-10.ctv,网络源,
湖北垄上,https://stream1.freetv.fun/hu-bei-long-shang-11.m3u8,网络源,
湖北垄上,https://stream1.freetv.fun/hu-bei-long-shang-13.m3u8,网络源,
湖北垄上,https://stream1.freetv.fun/hu-bei-long-shang-12.m3u8,网络源,
湖北垄上,https://stream1.freetv.fun/hu-bei-long-shang-4.m3u8,网络源,
湖北垄上,https://stream1.freetv.fun/hu-bei-long-shang-17.m3u8,网络源,
湖北垄上,https://stream1.freetv.fun/hu-bei-long-shang-5.m3u8,网络源,
湖北垄上,https://stream1.freetv.fun/hu-bei-long-shang-15.m3u8,网络源,
湖北垄上,https://stream1.freetv.fun/hu-bei-long-shang-16.m3u8,网络源,
湖北垄上,https://stream1.freetv.fun/hu-bei-long-shang-14.m3u8,网络源,
湖北垄上,https://stream1.freetv.fun/hu-bei-long-shang-6.m3u8,网络源,
湖北垄上,https://stream1.freetv.fun/hu-bei-long-shang-18.m3u8,网络源,
湖北垄上,https://stream1.freetv.fun/hu-bei-long-shang-13.ctv,网络源,
湖北影视,https://stream1.freetv.fun/hu-bei-ying-shi-2.m3u8,网络源,
湖北影视,https://stream1.freetv.fun/hu-bei-ying-shi-3.m3u8,网络源,
湖北影视,https://stream1.freetv.fun/hu-bei-ying-shi-8.m3u8,网络源,
湖北影视,https://stream1.freetv.fun/hu-bei-ying-shi-6.m3u8,网络源,
湖北影视,https://stream1.freetv.fun/hu-bei-ying-shi-15.ctv,网络源,
湖北影视,https://stream1.freetv.fun/hu-bei-ying-shi-10.m3u8,网络源,
湖北影视,https://stream1.freetv.fun/hu-bei-ying-shi-13.m3u8,网络源,
湖北影视,https://stream1.freetv.fun/hu-bei-ying-shi-7.m3u8,网络源,
湖北影视,https://stream1.freetv.fun/hu-bei-ying-shi-12.m3u8,网络源,
湖北影视,https://stream1.freetv.fun/hu-bei-ying-shi-11.m3u8,网络源,
湖北影视,https://stream1.freetv.fun/hu-bei-ying-shi-15.m3u8,网络源,
湖北影视,https://stream1.freetv.fun/hu-bei-ying-shi-16.m3u8,网络源,
湖北影视,https://stream1.freetv.fun/hu-bei-ying-shi-4.m3u8,网络源,
湖北影视,https://stream1.freetv.fun/hu-bei-ying-shi-5.m3u8,网络源,
湖北教育,https://stream1.freetv.fun/hu-bei-jiao-yu-2.m3u8,网络源,
湖北教育,https://stream1.freetv.fun/hu-bei-jiao-yu-13.m3u8,网络源,
湖北教育,https://stream1.freetv.fun/hu-bei-jiao-yu-9.m3u8,网络源,
湖北教育,https://stream1.freetv.fun/hu-bei-jiao-yu-14.m3u8,网络源,
湖北教育,https://stream1.freetv.fun/hu-bei-jiao-yu-10.ctv,网络源,
湖北教育,https://stream1.freetv.fun/hu-bei-jiao-yu-8.m3u8,网络源,
湖北生活,https://stream1.freetv.fun/hu-bei-sheng-huo-1.m3u8,网络源,
湖北生活,https://stream1.freetv.fun/hu-bei-sheng-huo-11.m3u8,网络源,
湖北生活,https://stream1.freetv.fun/hu-bei-sheng-huo-12.m3u8,网络源,
湖北生活,https://stream1.freetv.fun/hu-bei-sheng-huo-12.ctv,网络源,
湖北生活,https://stream1.freetv.fun/hu-bei-sheng-huo-5.m3u8,网络源,
湖北经视,https://stream1.freetv.fun/hu-bei-jing-shi-1.m3u8,网络源,
湖北经视,https://stream1.freetv.fun/hu-bei-jing-shi-10.m3u8,网络源,
湖北经视,https://stream1.freetv.fun/hu-bei-jing-shi-20.m3u8,网络源,
湖北经视,https://stream1.freetv.fun/hu-bei-jing-shi-9.m3u8,网络源,
湖北经视,https://stream1.freetv.fun/hu-bei-jing-shi-14.m3u8,网络源,
湖北经视,https://stream1.freetv.fun/hu-bei-jing-shi-23.m3u8,网络源,
湖北经视,https://stream1.freetv.fun/hu-bei-jing-shi-11.m3u8,网络源,
湖北经视,https://stream1.freetv.fun/hu-bei-jing-shi-6.m3u8,网络源,
湖北经视,https://stream1.freetv.fun/hu-bei-jing-shi-13.m3u8,网络源,
湖北经视,https://stream1.freetv.fun/hu-bei-jing-shi-18.m3u8,网络源,
湖北经视,https://stream1.freetv.fun/hu-bei-jing-shi-19.m3u8,网络源,
湖北经视,https://stream1.freetv.fun/hu-bei-jing-shi-22.m3u8,网络源,
湖北经视,https://stream1.freetv.fun/hu-bei-jing-shi-19.ctv,网络源,
湖北经视,https://stream1.freetv.fun/hu-bei-jing-shi-12.m3u8,网络源,
湖北经视,https://stream1.freetv.fun/hu-bei-jing-shi-8.m3u8,网络源,
湖北经视,https://stream1.freetv.fun/hu-bei-jing-shi-7.m3u8,网络源,
湖北综合,https://stream1.freetv.fun/hu-bei-zong-he-2.m3u8,网络源,
湖北综合,https://stream1.freetv.fun/hu-bei-zong-he-3.m3u8,网络源,
湖北综合,https://stream1.freetv.fun/hu-bei-zong-he-11.ctv,网络源,
湖北综合,https://stream1.freetv.fun/hu-bei-zong-he-9.m3u8,网络源,
湖北综合,https://stream1.freetv.fun/hu-bei-zong-he-8.m3u8,网络源,
湖北综合,https://stream1.freetv.fun/hu-bei-zong-he-13.m3u8,网络源,
湖北综合,https://stream1.freetv.fun/hu-bei-zong-he-12.m3u8,网络源,
湖北综合,https://stream1.freetv.fun/hu-bei-zong-he-7.m3u8,网络源,
湖北综合,https://stream1.freetv.fun/hu-bei-zong-he-10.m3u8,网络源,
湖北综合,http://58.19.133.144:9901,网络源,
荆门新闻综合,https://stream1.freetv.fun/jing-men-xin-wen-zong-he-5.m3u8,网络源,
荆门新闻综合,https://stream1.freetv.fun/jing-men-xin-wen-zong-he-4.m3u8,网络源,
荆门新闻综合,https://stream1.freetv.fun/jing-men-xin-wen-zong-he-1.m3u8,网络源,
荆门新闻综合,http://stream.jmtv.com.cn/xwzh/sd/live.m3u8?zhubd,网络源,
荆门新闻综合,http://stream.jmtv.com.cn/xwzh/sd/live.m3u8?%E5%85%B3%E6%B3%A8%E5%BE%AE%E4%BF%A1%E5%85%AC%E4%BC%97%E5%8F%B7[%E6%99%B4%E5%9B%AD],网络源,
麻城综合,https://video.yscxy.cn:8888/mctv1.m3u8,网络源,
云浮综合,https://livestream.oeeee.com/slive/28283.m3u8,网络源,
五华综合,http://p2hs.vzan.com/slowlive/621139761151691240/live.m3u8,网络源,
佛山公共,https://t.freetv.fun/live/fo-shan-gong-gong-12.m3u8,网络源,
佛山公共,https://t.freetv.fun/live/fo-shan-gong-gong-13.m3u8,网络源,
佛山公共,https://t.freetv.fun/live/fo-shan-gong-gong-10.m3u8,网络源,
佛山公共,https://t.freetv.fun/live/fo-shan-gong-gong-11.m3u8,网络源,
佛山公共,https://t.freetv.fun/live/fo-shan-gong-gong-9.m3u8,网络源,
佛山公共,https://stream1.freetv.fun/fo-shan-gong-gong-5.ctv,网络源,
佛山公共,https://stream1.freetv.fun/fo-shan-gong-gong-18.ctv,网络源,
佛山公共,https://stream1.freetv.fun/fo-shan-gong-gong-16.ctv,网络源,
佛山公共,https://stream1.freetv.fun/fo-shan-gong-gong-8.ctv,网络源,
佛山公共,https://stream1.freetv.fun/fo-shan-gong-gong-2.ctv,网络源,
佛山公共,https://stream1.freetv.fun/fo-shan-gong-gong-3.ctv,网络源,
佛山公共,https://stream1.freetv.fun/fo-shan-gong-gong-17.ctv,网络源,
佛山公共,https://stream1.freetv.fun/fo-shan-gong-gong-6.ctv,网络源,
佛山公共,https://stream1.freetv.fun/fo-shan-gong-gong-27.ctv,网络源,
佛山公共,https://stream1.freetv.fun/fo-shan-gong-gong-4.ctv,网络源,
佛山公共,https://stream1.freetv.fun/fo-shan-gong-gong-25.ctv,网络源,
佛山公共,https://stream1.freetv.fun/fo-shan-gong-gong-15.ctv,网络源,
佛山影视,https://stream1.freetv.fun/fo-shan-ying-shi-2.ctv,网络源,
佛山影视,https://stream1.freetv.fun/fo-shan-ying-shi-13.ctv,网络源,
佛山影视,https://stream1.freetv.fun/fo-shan-ying-shi-20.ctv,网络源,
佛山影视,https://stream1.freetv.fun/fo-shan-ying-shi-16.ctv,网络源,
佛山影视,https://stream1.freetv.fun/fo-shan-ying-shi-5.ctv,网络源,
佛山影视,https://stream1.freetv.fun/fo-shan-ying-shi-22.ctv,网络源,
佛山影视,https://stream1.freetv.fun/fo-shan-ying-shi-8.ctv,网络源,
佛山影视,https://stream1.freetv.fun/fo-shan-ying-shi-9.ctv,网络源,
佛山影视,https://stream1.freetv.fun/fo-shan-ying-shi-4.ctv,网络源,
佛山影视,https://stream1.freetv.fun/fo-shan-ying-shi-19.ctv,网络源,
佛山影视,https://stream1.freetv.fun/fo-shan-ying-shi-11.ctv,网络源,
佛山影视,https://stream1.freetv.fun/fo-shan-ying-shi-3.ctv,网络源,
佛山影视,https://stream1.freetv.fun/fo-shan-ying-shi-14.ctv,网络源,
佛山影视,https://stream1.freetv.fun/fo-shan-ying-shi-7.ctv,网络源,
佛山影视,https://stream1.freetv.fun/fo-shan-ying-shi-10.ctv,网络源,
佛山影视,https://stream1.freetv.fun/fo-shan-ying-shi-6.ctv,网络源,
佛山影视,https://stream1.freetv.fun/fo-shan-ying-shi-1.ctv,网络源,
佛山影视,https://stream1.freetv.fun/fo-shan-ying-shi-12.ctv,网络源,
佛山影视,https://stream1.freetv.fun/fo-shan-ying-shi-21.ctv,网络源,
佛山影视,https://stream1.freetv.fun/fo-shan-ying-shi-17.ctv,网络源,
佛山综合,https://t.freetv.fun/live/fo-shan-zong-he-13.m3u8,网络源,
佛山综合,https://t.freetv.fun/live/fo-shan-zong-he-12.m3u8,网络源,
佛山综合,https://stream1.freetv.fun/fo-shan-zong-he-24.ctv,网络源,
佛山综合,https://stream1.freetv.fun/fo-shan-zong-he-5.ctv,网络源,
佛山综合,https://stream1.freetv.fun/fo-shan-zong-he-23.ctv,网络源,
佛山综合,https://stream1.freetv.fun/fo-shan-zong-he-8.ctv,网络源,
佛山综合,https://stream1.freetv.fun/fo-shan-zong-he-21.ctv,网络源,
佛山综合,https://stream1.freetv.fun/fo-shan-zong-he-3.ctv,网络源,
佛山综合,https://stream1.freetv.fun/fo-shan-zong-he-14.ctv,网络源,
佛山综合,https://stream1.freetv.fun/fo-shan-zong-he-16.ctv,网络源,
佛山综合,https://stream1.freetv.fun/fo-shan-zong-he-20.ctv,网络源,
佛山综合,https://stream1.freetv.fun/fo-shan-zong-he-11.ctv,网络源,
南国都市,https://tencentplay.gztv.com/live/nanguodushi.m3u8?txSecret=c82f82d7a6beda92b2b1ce93753dcacb&txTime=18e4a381d46,网络源,
南国都市,http://tencentplaygzrb01.gztv.com/live/nanguodushi.m3u8,网络源,
南国都市,https://tencentplay.gztv.com/live/nanguodushi.m3u8?txSecret=627498b93bc6f5d6e2460d0823bf81a3&txTime=18e6df74fc2,网络源,
广东民生,https://t.freetv.fun/live/yan-dong-min-sheng-biao-qing.m3u8,网络源,
广东珠江,https://stream1.freetv.fun/967c330a56e8f2fed10ea053ac29b132d29e323680b5e20a53e3af6bcf7b2f54.m3u8,网络源,
广东珠江,https://stream1.freetv.fun/468bff09871ed8a1eba7a539f461001a9683ac2cbb084ef2d52449c7f1a52478.m3u8,网络源,
广东珠江,https://stream1.freetv.fun/5f12b986a77ebe5440c508c13895b3e7f8767b2a47c79f3f5fe948097e15337d.m3u8,网络源,
广东珠江,https://stream1.freetv.fun/943a56c1980ac8d65adeb0603437a8cd8da6241b019e93bba89c37ff050946e5.m3u8,网络源,
广东珠江,https://stream1.freetv.fun/cd093c8b92ae68affb34b3b0f147bbdac575b4eee76ac0410e85d2777d808b6e.m3u8,网络源,
广州影视,https://t.freetv.fun/live/yan-zhou-ying-shi-29.m3u8,网络源,
广州影视,https://t.freetv.fun/live/yan-zhou-ying-shi-27.m3u8,网络源,
广州影视,https://t.freetv.fun/live/yan-zhou-ying-shi-26.m3u8,网络源,
广州影视,https://t.freetv.fun/live/yan-zhou-ying-shi-28.m3u8,网络源,
广州影视,http://r.jdshipin.com/sFw4S,网络源,
广州影视,https://stream1.freetv.fun/yan-zhou-ying-shi-3.m3u8,网络源,
广州影视,https://stream1.freetv.fun/yan-zhou-ying-shi-23.ctv,网络源,
广州影视,https://stream1.freetv.fun/yan-zhou-ying-shi-12.ctv,网络源,
广州影视,https://stream1.freetv.fun/yan-zhou-ying-shi-1.m3u8,网络源,
广州影视,https://stream1.freetv.fun/yan-zhou-ying-shi-21.ctv,网络源,
广州影视,https://stream1.freetv.fun/yan-zhou-ying-shi-17.ctv,网络源,
广州影视,https://stream1.freetv.fun/yan-zhou-ying-shi-2.ctv,网络源,
广州影视,https://stream1.freetv.fun/yan-zhou-ying-shi-16.m3u8,网络源,
广州影视,https://stream1.freetv.fun/yan-zhou-ying-shi-5.ctv,网络源,
广州影视,https://stream1.freetv.fun/yan-zhou-ying-shi-14.ctv,网络源,
广州新闻,https://t.freetv.fun/live/yan-zhou-xin-wen-22.m3u8,网络源,
广州新闻,https://t.freetv.fun/live/yan-zhou-xin-wen-20.m3u8,网络源,
广州新闻,https://t.freetv.fun/live/yan-zhou-xin-wen-21.m3u8,网络源,
广州新闻,https://t.freetv.fun/live/yan-zhou-xin-wen-gao-qing.m3u8,网络源,
广州新闻,https://t.freetv.fun/live/yan-zhou-xin-wen-18.m3u8,网络源,
广州新闻,https://t.freetv.fun/live/yan-zhou-xin-wen-19.m3u8,网络源,
广州新闻,https://t.freetv.fun/live/yan-zhou-xin-wen-17.m3u8,网络源,
广州新闻,https://stream1.freetv.fun/yan-zhou-xin-wen-3.m3u8,网络源,
广州新闻,https://stream1.freetv.fun/yan-zhou-xin-wen-8.m3u8,网络源,
广州竞赛,https://t.freetv.fun/live/yan-zhou-jing-sai-gao-qing.m3u8,网络源,
广州竞赛,https://stream1.freetv.fun/yan-zhou-jing-sai-5.m3u8,网络源,
广州竞赛,https://stream1.freetv.fun/yan-zhou-jing-sai-4.m3u8,网络源,
广州竞赛,https://stream1.freetv.fun/yan-zhou-jing-sai-3.m3u8,网络源,
广州竞赛,https://stream1.freetv.fun/yan-zhou-jing-sai-1.m3u8,网络源,
广州竞赛,https://stream1.freetv.fun/yan-zhou-jing-sai-7.m3u8,网络源,
广州竞赛,https://stream1.freetv.fun/yan-zhou-jing-sai-19.ctv,网络源,
广州竞赛,https://stream1.freetv.fun/yan-zhou-jing-sai-22.m3u8,网络源,
广州综合,https://t.freetv.fun/live/yan-zhou-zong-he-27.m3u8,网络源,
广州综合,https://t.freetv.fun/live/yan-zhou-zong-he-28.m3u8,网络源,
广州综合,https://t.freetv.fun/live/yan-zhou-zong-he-gao-qing.m3u8,网络源,
汕头经济,https://t.freetv.fun/live/shan-tou-sheng-huo.m3u8,网络源,
汕头经济,https://t.freetv.fun/live/shan-tou-jing-ji-sheng-huo.m3u8,网络源,
汕头综合,https://t.freetv.fun/live/shan-tou-zong-he-2.m3u8,网络源,
汕尾新闻综合,https://t.freetv.fun/live/shan-wei-xin-wen-zong-he.m3u8,网络源,
汕尾新闻综合,https://stream1.freetv.fun/shan-wei-xin-wen-zong-he-2.m3u8,网络源,
汕尾新闻综合,https://stream1.freetv.fun/shan-wei-xin-wen-zong-he-3.ctv,网络源,
江门综合,https://stream1.freetv.fun/jiang-men-zong-he-13.ctv,网络源,
江门综合,https://stream1.freetv.fun/jiang-men-zong-he-5.ctv,网络源,
江门综合,https://stream1.freetv.fun/jiang-men-zong-he-14.ctv,网络源,
江门综合,https://stream1.freetv.fun/jiang-men-zong-he-8.ctv,网络源,
江门综合,https://stream1.freetv.fun/jiang-men-zong-he-9.ctv,网络源,
江门综合,https://stream1.freetv.fun/jiang-men-zong-he-11.ctv,网络源,
江门综合,https://stream1.freetv.fun/jiang-men-zong-he-12.ctv,网络源,
江门综合,https://stream1.freetv.fun/jiang-men-zong-he-10.ctv,网络源,
深圳少儿,https://stream1.freetv.fun/shen-zhen-shao-er-7.ctv,网络源,
深圳少儿,https://stream1.freetv.fun/shen-zhen-shao-er-1.m3u8,网络源,
深圳少儿,https://stream1.freetv.fun/shen-zhen-shao-er-3.m3u8,网络源,
深圳少儿,https://stream1.freetv.fun/shen-zhen-shao-er-6.ctv,网络源,
深圳少儿,https://stream1.freetv.fun/shen-zhen-shao-er-5.ctv,网络源,
深圳少儿,https://stream1.freetv.fun/shen-zhen-shao-er-3.ctv,网络源,
深圳少儿,http://183.11.239.36:808/hls/157/index.m3u8,网络源,
深圳少儿,https://stream1.freetv.fun/shen-zhen-shao-er-2.ctv,网络源,
深圳财经生活,https://stream1.freetv.fun/shen-zhen-cai-jing-sheng-huo-4.ctv,网络源,
深圳财经生活,https://stream1.freetv.fun/shen-zhen-cai-jing-sheng-huo-1.m3u8,网络源,
上虞文化,https://stream1.freetv.fun/shang-yu-wen-hua-1.m3u8,网络源,
上虞新闻综合,http://l.cztvcloud.com/channels/lantian/SXshangyu1/720p.m3u8,网络源,
上虞综合,https://stream1.freetv.fun/shang-yu-zong-he-1.m3u8,网络源,
丽水公共,https://t.freetv.fun/live/li-shui-gong-gong-1.m3u8,网络源,
丽水公共,https://t.freetv.fun/live/li-shui-gong-gong.m3u8,网络源,
丽水新闻,https://t.freetv.fun/live/li-shui-xin-wen.m3u8,网络源,
义乌新闻综合,https://t.freetv.fun/live/gong-yi-xin-wen-zong-he-1.m3u8,网络源,
义乌新闻综合,https://t.freetv.fun/live/zun-yi-xin-wen-zong-he.m3u8,网络源,
之江纪录,http://ali-m-l.cztv.com/channels/lantian/channel12/1080p.m3u8,网络源,
嵊泗综合,https://stream1.freetv.fun/sheng-zhou-xin-wen-zong-he-3.m3u8,网络源,
嵊泗综合,https://stream1.freetv.fun/sheng-zhou-xin-wen-zong-he-2.m3u8,网络源,
新昌新闻综合,https://stream1.freetv.fun/xin-chang-xin-wen-zong-he-1.m3u8,网络源,
新昌新闻综合,https://stream1.freetv.fun/xin-chang-xin-wen-zong-he-3.m3u8,网络源,
杭州明珠,https://t.freetv.fun/live/hang-zhou-xi-hu-ming-zhu.m3u8,网络源,
杭州明珠,https://stream1.freetv.fun/hang-zhou-ming-zhu-4.m3u8,网络源,
杭州明珠,https://stream1.freetv.fun/hang-zhou-ming-zhu-2.m3u8,网络源,
杭州综合,http://live.xmcdn.com/live/1845/64.m3u8,网络源,
永嘉新闻综合,https://stream1.freetv.fun/yong-jia-xin-wen-zong-he-1.m3u8,网络源,
浙江国际,https://stream1.freetv.fun/8edc171ba7945fd93cc0f2c9e39b48ba0a94500d0029db9456dfdc2d75f9ea9d.m3u8,网络源,
浙江国际,https://stream1.freetv.fun/zhe-jiang-guo-ji-6.m3u8,网络源,
浙江国际,https://stream1.freetv.fun/zhe-jiang-guo-ji-11.m3u8,网络源,
浙江教科影院,http://ali-m-l.cztv.com/channels/lantian/channel004/1080p.m3u8?zzhed,网络源,
浙江数码时代,https://ali-m-l.cztv.com/channels/lantian/channel012/1080p.m3u8\r\n,网络源,
浙江新闻,https://stream1.freetv.fun/7fa07158e038a9bae3747a0cb9f8e8ff1aaba32669d28d99a498716f16569c1d.m3u8,网络源,
浙江新闻,https://stream1.freetv.fun/zhe-jiang-xin-wen-7.m3u8,网络源,
浙江新闻,https://stream1.freetv.fun/zhe-jiang-xin-wen-10.m3u8,网络源,
浙江新闻,https://stream1.freetv.fun/zhe-jiang-xin-wen-9.m3u8,网络源,
浙江新闻,https://stream1.freetv.fun/zhe-jiang-xin-wen-6.m3u8,网络源,
浙江新闻,https://stream1.freetv.fun/zhe-jiang-xin-wen-11.m3u8,网络源,
浙江生活,https://t.freetv.fun/live/zhe-jiang-jing-ji-3.m3u8,网络源,
浙江留学,https://ali-m-l.cztv.com/channels/lantian/channel009/1080p.m3u8,网络源,
浙江遂昌,http://play-sh13.quklive.com/live/1708426592499070.m3u8?auth_key=2028414342-e92bda8423ad478c987a8b7ae82abe0e-0-c616f7fabb9675e1ed1d84d9edae7e07,网络源,
浙江钱江,https://stream1.freetv.fun/bf079ada709563bdd095159c02dfb5afb53c24e643b73f987100b9d25e9c8f41.m3u8,网络源,
浙江钱江,https://stream1.freetv.fun/zhe-jiang-qian-jiang-du-shi-1.m3u8,网络源,
浙江钱江,https://stream1.freetv.fun/zhe-jiang-qian-jiang-du-shi-2.m3u8,网络源,
海宁新闻综合,http://p2hs.vzan.com/slowlive/317913155078575177/live.m3u8,网络源,
海宁新闻综合,https://p2hs.vzan.com/slowlive/317913155078575177/live.m3u8?zbid=293304&tpid=1708007815,网络源,
温州新闻综合,https://t.freetv.fun/live/wen-zhou-xin-wen-zong-he-1.m3u8,网络源,
湖州公共,http://hzcm-live.media.hugd.com/1e6b554b9ab74513958c0e1ffe664d22/9acaa7634309494cb29a85eb12136607.m3u8?auth_key=2272900830-9a2389b8bf4e49d580d4ad807423d326-0-ea78a5c7a678c436263582d368f5009e&amp;fbl=,网络源,
湖州公共,https://hzcm-live.media.hugd.com/1e6b554b9ab74513958c0e1ffe664d22/9acaa7634309494cb29a85eb12136607.m3u8?auth_key=2272900830-9a2389b8bf4e49d580d4ad807423d326-0-ea78a5c7a678c436263582d368f5009e,网络源,
湖州文化娱乐,https://t.freetv.fun/live/hu-zhou-wen-hua-yu-le-4.m3u8,网络源,
湖州文化娱乐,http://hzcm-live.media.hugd.com/613c47f0ab0d4eaa98b21378d0db6ded/0051d31c9dd543a7825eea4e49675b2a.m3u8?auth_key=2277598059-0a5ebfa1c0dc4671b42a60810fc37039-0-fa625b7d1feab612062453c12e3c8887&fbl=,网络源,
湖州文化娱乐,https://hzcm-live.media.hugd.com/613c47f0ab0d4eaa98b21378d0db6ded/0051d31c9dd543a7825eea4e49675b2a.m3u8?auth_key=2277598059-0a5ebfa1c0dc4671b42a60810fc37039-0-fa625b7d1feab612062453c12e3c8887,网络源,
湖州新闻综合,http://hzcm-live.media.hugd.com/3f5fa7d64c7c46a38c6bd8ad35e836cc/65128273761b4731ae53729ea6dcf932.m3u8?auth_key=2277598215-9d21c15111244bea8d298c361d31a72e-0-d031198f58d44b0e91ba2e3f3b188865&amp;fbl=,网络源,
湖州新闻综合,https://hzcm-live.media.hugd.com/3f5fa7d64c7c46a38c6bd8ad35e836cc/65128273761b4731ae53729ea6dcf932.m3u8?auth_key=2277598215-9d21c15111244bea8d298c361d31a72e-0-d031198f58d44b0e91ba2e3f3b188865,网络源,
绍兴公共,http://live.shaoxing.com.cn/video/s10001-sxtv2/index.m3u8?,网络源,
绍兴公共,http://live.shaoxing.com.cn/video/s10001-sxtv2/index.m3u8?zzhed,网络源,
绍兴文化,http://live.shaoxing.com.cn/video/s10001-sxtv3/index.m3u8?zzhed?,网络源,
绍兴文化,https://stream1.freetv.fun/shao-xing-wen-hua-1.m3u8,网络源,
绍兴文化影院,http://live.shaoxing.com.cn/video/s10001-sxtv3/index.m3u8?zzhed,网络源,
绍兴新闻综合,http://live.shaoxing.com.cn/video/s10001-sxhb/index.m3u8?zzhed,网络源,
绍兴新闻综合,http://live.shaoxing.com.cn/video/s10001-sxtv1/index.m3u8?zzhed,网络源,
绍兴新闻综合,http://live.shaoxing.com.cn/video/s10001-sxhb/index.m3u8,网络源,
苍南新闻综合,https://stream1.freetv.fun/cang-nan-xin-wen-zong-he-2.m3u8,网络源,
苍南新闻综合,https://stream1.freetv.fun/cang-nan-xin-wen-zong-he-7.m3u8,网络源,
萧山新闻综合,https://stream1.freetv.fun/xiao-shan-xin-wen-zong-he-3.m3u8,网络源,
萧山新闻综合,https://stream1.freetv.fun/xiao-shan-xin-wen-zong-he-7.m3u8,网络源,
萧山新闻综合,https://stream1.freetv.fun/xiao-shan-xin-wen-zong-he-1.m3u8,网络源,
鄞州一套,http://pili-publish.yzxw.newaircloud.com/newaircloud-yzxw/yzxw_20190925090843.m3u8?zzhed,网络源,
鄞州二套,http://pili-publish.yzxw.newaircloud.com/newaircloud-yzxw/yzxw_20190925090936.m3u8?zzhed,网络源,
金华教育科技,https://t.freetv.fun/live/jin-hua-jiao-yu-ke-ji-1.m3u8,网络源,
金华新闻综合,https://t.freetv.fun/live/jin-hua-xin-wen-zong-he-1-1.m3u8,网络源,
钱江都市,https://stream1.freetv.fun/qian-jiang-du-shi-1.m3u8,网络源,
钱江都市,https://stream1.freetv.fun/qian-jiang-du-shi-2.m3u8,网络源,
钱江都市,http://ali-m-l.cztv.com/channels/lantian/channel002/1080p.m3u8?zzhed,网络源,
山东体育,https://stream1.freetv.fun/shan-dong-ti-yu-5.m3u8,网络源,
山东体育,https://stream1.freetv.fun/shan-dong-ti-yu-1.m3u8,网络源,
山东体育,https://stream1.freetv.fun/shan-dong-ti-yu-10.m3u8,网络源,
山东体育,https://stream1.freetv.fun/shan-dong-ti-yu-9.m3u8,网络源,
山东体育,https://stream1.freetv.fun/shan-dong-ti-yu-25.m3u8,网络源,
山东体育,https://stream1.freetv.fun/shan-dong-ti-yu-2.m3u8,网络源,
山东体育,https://stream1.freetv.fun/shan-dong-ti-yu-18.m3u8,网络源,
山东体育,https://stream1.freetv.fun/shan-dong-ti-yu-12.m3u8,网络源,
山东体育,https://stream1.freetv.fun/shan-dong-ti-yu-23.m3u8,网络源,
山东体育,https://stream1.freetv.fun/shan-dong-ti-yu-15.m3u8,网络源,
山东体育,https://stream1.freetv.fun/shan-dong-ti-yu-3.m3u8,网络源,
山东体育,https://stream1.freetv.fun/shan-dong-ti-yu-6.m3u8,网络源,
山东体育,https://stream1.freetv.fun/shan-dong-ti-yu-24.m3u8,网络源,
山东体育,https://stream1.freetv.fun/shan-dong-ti-yu-13.m3u8,网络源,
山东体育,https://stream1.freetv.fun/shan-dong-ti-yu-14.m3u8,网络源,
山东体育,https://stream1.freetv.fun/shan-dong-ti-yu-22.m3u8,网络源,
山东体育,https://stream1.freetv.fun/shan-dong-ti-yu-26.m3u8,网络源,
山东体育,https://stream1.freetv.fun/shan-dong-ti-yu-11.m3u8,网络源,
山东农科,http://58.57.40.22:9901/tsfile/live/1022_1.m3u8,网络源,
山东少儿,https://stream1.freetv.fun/shan-dong-shao-er-1.m3u8,网络源,
山东少儿,https://stream1.freetv.fun/shan-dong-shao-er-10.m3u8,网络源,
山东少儿,https://stream1.freetv.fun/shan-dong-shao-er-8.m3u8,网络源,
山东少儿,http://58.57.40.22:9901/tsfile/live/1024_1.m3u8,网络源,
山东少儿,https://stream1.freetv.fun/shan-dong-shao-er-6.m3u8,网络源,
山东教育,http://112.132.10.54:9901/tsfile/live/1018_1.m3u8?key=txiptv&playlive=1&authid=0,网络源,
山东教育,http://gslbmgsplive.miguvideo.com/migu/kailu/sdjyws/50/20250915/index.m3u8?msisdn=202605220001252deedf85b962455b9df237acaf5ffb42&mdspid=&spid=600697&netType=0&sid=5910022199&pid=2028597139&timestamp=20260522000125&Channel_ID=0116_2600000900-99000-201600010010027&ProgramID=609154353&ParentNodeID=-99&assertID=5910022199&client_ip=159.75.12.57&SecurityKey=20260522000125&promotionId=&mvid=2200208305&mcid=500020&playurlVersion=ZQ-A1-9.5.1-RELEASE&userid=&jmhm=&videocodec=h264&appCode=miguvideo_android&bean=mgspad&tid=android&conFee=0&puData=cf8f39ce4dc006285ae3f34c80e77bb8&ddCalcu=8cbfeb827f9730e90c8ec44d3cf030e6a258,网络源,
山东教育,http://hlsztemgsplive.miguvideo.com:8080/migu/kailu/sdjyws/50/20250915/index.m3u8?msisdn=2026052204021558fa02c053d841bab3b9f575bb821713&mdspid=&spid=600697&netType=0&sid=5910022199&pid=2028597139&timestamp=20260522040215&Channel_ID=0116_2600000900-99000-201600010010027&ProgramID=609154353&ParentNodeID=-99&assertID=5910022199&client_ip=171.8.79.254&SecurityKey=20260522040215&promotionId=&mvid=2200208305&mcid=500020&playurlVersion=WX-A1-9.5.1.2-RELEASE&userid=&jmhm=&videocodec=h264&appCode=miguvideo_android&bean=mgspad&tid=android&conFee=0&encrypt=be835b0fdb3f6ca27e79a7451a169afc,网络源,
山东教育,http://gslbmgsplive.miguvideo.com/migu/kailu/sdjyws/50/20250915/index.m3u8?msisdn=20260522040029e527e2bd716c49deb038284e71965c0b&mdspid=&spid=600697&netType=0&sid=5910022199&pid=2028597139&timestamp=20260522040029&Channel_ID=0116_2600000900-99000-201600010010027&ProgramID=609154353&ParentNodeID=-99&assertID=5910022199&client_ip=175.178.127.92&SecurityKey=20260522040029&promotionId=&mvid=2200208305&mcid=500020&playurlVersion=ZQ-A1-9.5.1-RELEASE&userid=&jmhm=&videocodec=h264&appCode=miguvideo_android&bean=mgspad&tid=android&conFee=0&puData=31cf9f1164f5bd9cf22842136a538bff&ddCalcu=f3f1ebc28f93905fa16136142f458b2d29fc,网络源,
山东教育,http://dassby.qqff.top:99/live/山东教育卫视/index.m3u8,网络源,
山东文旅,http://58.57.40.22:9901/tsfile/live/1023_1.m3u8,网络源,
山东新闻,https://stream1.freetv.fun/shan-dong-xin-wen-3.m3u8,网络源,
山东新闻,https://stream1.freetv.fun/shan-dong-xin-wen-10.m3u8,网络源,
山东新闻,https://stream1.freetv.fun/shan-dong-xin-wen-7.m3u8,网络源,
山东新闻,http://live.xmcdn.com/live/1440/64.m3u8,网络源,
山东新闻,http://123.129.70.178:9901/tsfile/live/1000_1.m3u8?key=txiptv&playlive=1&authid=0,网络源,
山东生活,http://58.57.40.22:9901/tsfile/live/1018_1.m3u8,网络源,
山东生活,http://live.xmcdn.com/live/802/64.m3u8,网络源,
山东综艺,http://58.57.40.22:9901/tsfile/live/1021_1.m3u8,网络源,
济南教育,https://t.freetv.fun/live/ji-nan-jiao-yu-1.m3u8,网络源,
济南新闻综合,https://stream1.freetv.fun/ipv6-ji-nan-xin-wen-zong-he-8.m3u8,网络源,
青岛城阳,http://pili-live-rtmp.56.i2863.com/i2863-56/live_56_307317.m3u8?shandd,网络源,
南京信息,https://t.freetv.fun/live/nan-jing-xin-xi-1.m3u8,网络源,
南京娱乐,https://t.freetv.fun/live/nan-jing-yu-le-1.m3u8,网络源,
南京教科,http://8.135.27.147:1234/838153729,网络源,
南京教科,http://14.153.176.89:1234/838153729,网络源,
南京教科,http://223.247.25.205:1234/838153729,网络源,
南京教科,http://111.122.65.136:1234/838153729,网络源,
南京教科,http://123.113.205.253:3000/838153729,网络源,
南京教科,http://59.110.175.70:10000/838153729,网络源,
南京新闻综合,http://ottrrs.hl.chinamobile.com/PLTV/88888888/224/3221226311/index.m3u8,网络源,
南京新闻综合,https://t.freetv.fun/live/nan-jing-xin-wen-zong-he-4.m3u8,网络源,
南京新闻综合,https://t.freetv.fun/live/nan-jing-xin-wen-zong-he-3-1.m3u8,网络源,
南京新闻综合,https://t.freetv.fun/live/nan-jing-xin-wen.m3u8,网络源,
南京新闻综合,https://t.freetv.fun/live/nan-jing-liu-he-xin-wen-zong-he.m3u8,网络源,
南京新闻综合,http://8.135.27.147:1234/838109047,网络源,
南京新闻综合,http://14.153.176.89:1234/838109047,网络源,
南京新闻综合,http://223.247.25.205:1234/838109047,网络源,
南京生活,https://t.freetv.fun/live/nan-jing-sheng-huo-2.m3u8,网络源,
南通新闻综合,https://t.freetv.fun/live/nan-tong-xin-wen-zong-he-4.m3u8,网络源,
南通新闻综合,https://t.freetv.fun/live/nan-tong-xin-wen-zong-he-7.m3u8,网络源,
南通新闻综合,https://t.freetv.fun/live/nan-tong-xin-wen-zong-he-6.m3u8,网络源,
南通新闻综合,https://t.freetv.fun/live/nan-tong-xin-wen-zong-he-5.m3u8,网络源,
南通新闻综合,http://8.135.27.147:1234/955227985,网络源,
南通新闻综合,http://223.247.25.205:1234/955227985,网络源,
南通新闻综合,http://14.153.176.89:1234/955227985,网络源,
南通新闻综合,http://111.122.65.136:1234/955227985,网络源,
南通新闻综合,http://123.113.205.253:3000/955227985,网络源,
南通新闻综合,http://59.110.175.70:10000/955227985,网络源,
南通新闻综合,http://hlsztemgsplive.miguvideo.com:8080/migu/kailu/ntxwzh/50/20250604/index.m3u8?msisdn=202605220402095d6d4d395a4549eab3b98593981e652e&mdspid=&spid=699067&netType=0&sid=5910022178&pid=2028597139&timestamp=20260522040209&Channel_ID=0116_2600000900-99000-201600010010027&ProgramID=955227985&ParentNodeID=-99&assertID=5910022178&client_ip=171.8.79.254&SecurityKey=20260522040209&promotionId=&mvid=5900006706&mcid=500020&playurlVersion=WX-A1-9.5.1.2-RELEASE&userid=&jmhm=&videocodec=h264&appCode=miguvideo_android&bean=mgspad&tid=android&conFee=0&encrypt=2a3729d6298461409c3d23a924732bbd,网络源,
句容党建频道,http://jrlive.jrntv.com/live/_definst_/dangjians/playlist.m3u8,网络源,
句容新闻综合,http://jrlive.jrntv.com/live/_definst_/jrxwzhs/playlist.m3u8,网络源,
句容新闻综合,http://jrlive.jrntv.com/live/_definst_/jrxwzhs/playlist.m3u8?zjiangsd,网络源,
徐州公共频道,http://stream3.huaihai.tv/xz4t/sd/live.m3u8,网络源,
无锡新闻综合,https://t.freetv.fun/live/wu-xi-xin-wen.m3u8,网络源,
无锡都市资讯,https://t.freetv.fun/live/wu-xi-du-shi.m3u8,网络源,
武进新闻频道,https://live.wjyanghu.com/live/CH1.m3u8?zjiangsd,网络源,
淮安新闻综合,https://t.freetv.fun/live/huai-an-xin-wen-zong-he-1-1.m3u8,网络源,
淮安新闻综合,https://t.freetv.fun/live/huai-an-xin-wen-zong-he-2-1.m3u8,网络源,
淮安新闻综合,http://8.135.27.147:1234/639731826,网络源,
淮安新闻综合,http://223.247.25.205:1234/639731826,网络源,
淮安新闻综合,http://111.122.65.136:1234/639731826,网络源,
淮安新闻综合,http://59.110.175.70:10000/639731826,网络源,
淮安新闻综合,http://14.153.176.89:1234/639731826,网络源,
淮安新闻综合,http://hlsztemgsplive.miguvideo.com:8080/wd_r2/jstv/haxinwenzonghe/600/index.m3u8?msisdn=20260522040208282775b789f74d65b7693f76751bf89b&mdspid=&spid=699067&netType=0&sid=5500469363&pid=2028597139&timestamp=20260522040208&Channel_ID=0116_2600000900-99000-201600010010027&ProgramID=639731826&ParentNodeID=-99&assertID=5500469363&client_ip=171.8.79.254&SecurityKey=20260522040208&promotionId=&mvid=5102012618&mcid=500020&playurlVersion=WX-A1-9.5.1.2-RELEASE&userid=&jmhm=&videocodec=h264&appCode=miguvideo_android&bean=mgspad&tid=android&conFee=0&encrypt=400fbc63377981330ef7b9588204d5b8,网络源,
溧水新闻综合,https://t.freetv.fun/live/li-shui-xin-wen-zong-he-5.m3u8,网络源,
溧水新闻综合,https://t.freetv.fun/live/li-shui-xin-wen-zong-he-3-1.m3u8,网络源,
溧水新闻综合,https://t.freetv.fun/live/li-shui-xin-wen-zong-he-4.m3u8,网络源,
溧水新闻综合,https://t.freetv.fun/live/li-shui-xin-wen-zong-he-6.m3u8,网络源,
溧水新闻综合,http://223.247.25.205:1234/639737327,网络源,
溧水新闻综合,http://8.135.27.147:1234/639737327,网络源,
溧水新闻综合,http://14.153.176.89:1234/639737327,网络源,
溧水新闻综合,http://111.122.65.136:1234/639737327,网络源,
溧水新闻综合,http://59.110.175.70:10000/639737327,网络源,
溧水新闻综合,http://hlsztemgsplive.miguvideo.com:8080/migu/kailu/wxxwzh/50/20250604/index.m3u8?msisdn=20260522040209b467de058c3a415f85994dcea31d439a&mdspid=&spid=699067&netType=0&sid=5500469349&pid=2028597139&timestamp=20260522040209&Channel_ID=0116_2600000900-99000-201600010010027&ProgramID=639737327&ParentNodeID=-99&assertID=5500469349&client_ip=171.8.79.254&SecurityKey=20260522040209&promotionId=&mvid=5102012612&mcid=500020&playurlVersion=WX-A1-9.5.1.2-RELEASE&userid=&jmhm=&videocodec=h264&appCode=miguvideo_android&bean=mgspad&tid=android&conFee=0&encrypt=faf3bd64cf88c6bbf494d7fabe2255ff,网络源,
溧水新闻综合,http://123.113.205.253:3000/639737327,网络源,
苏州新闻综合,http://ottrrs.hl.chinamobile.com/PLTV/88888888/224/3221226410/index.m3u8,网络源,
靖江新闻综合,http://visit.jjbctv.com:1935/live/xwzhmb/playlist.m3u8?zjiangsd,网络源,
